,comb,obj
0,"('GAPD',)",14.151612903225798
1,"('PGK',)",14.151612903225798
2,"('PGM',)",14.796774193548359
3,"('ENO',)",14.796774193548359
4,"('TPI',)",16.08709677419352
5,"('ACONTb',)",16.681632653061236
6,"('ACONTa',)",16.681632653061236
7,"('CS',)",16.681632653061236
8,"('FUM',)",16.763025210084017
9,"('MDH',)",16.77387755102039
10,"('GAPD', 'PGK')",14.151612903225796
11,"('GAPD', 'PGM')",14.151612903225796
12,"('GAPD', 'ENO')",14.151612903225796
13,"('GAPD', 'TPI')",1.2649350649350728
14,"('GAPD', 'ACONTb')",13.63859649122807
15,"('GAPD', 'ACONTa')",13.63859649122807
16,"('GAPD', 'CS')",13.63859649122807
17,"('GAPD', 'FUM')",14.15161290322578
18,"('GAPD', 'MDH')",14.151612903225802
19,"('PGK', 'PGM')",14.151612903225807
20,"('PGK', 'ENO')",14.151612903225802
21,"('PGK', 'TPI')",1.264935064935065
22,"('PGK', 'ACONTb')",13.63859649122809
23,"('PGK', 'ACONTa')",13.63859649122809
24,"('PGK', 'CS')",13.63859649122809
25,"('PGK', 'FUM')",14.151612903225804
26,"('PGK', 'MDH')",14.151612903225809
27,"('PGM', 'ENO')",14.79677419354839
28,"('PGM', 'TPI')",14.79677419354839
29,"('PGM', 'ACONTb')",14.340350877193003
30,"('PGM', 'ACONTa')",14.340350877193003
31,"('PGM', 'CS')",14.340350877193003
32,"('PGM', 'FUM')",14.610852713178298
33,"('PGM', 'MDH')",14.68756218905472
34,"('ENO', 'TPI')",14.796774193548384
35,"('ENO', 'ACONTb')",14.340350877192957
36,"('ENO', 'ACONTa')",14.340350877192957
37,"('ENO', 'CS')",14.340350877192957
38,"('ENO', 'FUM')",14.610852713178298
39,"('ENO', 'MDH')",14.687562189054724
40,"('TPI', 'ACONTb')",15.743859649122902
41,"('TPI', 'ACONTa')",15.743859649122902
42,"('TPI', 'CS')",15.743859649122902
43,"('TPI', 'FUM')",16.044961240310148
44,"('TPI', 'MDH')",16.087096774193547
45,"('ACONTb', 'ACONTa')",16.681632653061303
46,"('ACONTb', 'CS')",16.681632653061314
47,"('ACONTb', 'FUM')",16.681632653061314
48,"('ACONTb', 'MDH')",16.681632653061314
49,"('ACONTa', 'CS')",16.68163265306131
50,"('ACONTa', 'FUM')",16.68163265306131
51,"('ACONTa', 'MDH')",16.68163265306131
52,"('CS', 'FUM')",16.681632653061314
53,"('CS', 'MDH')",16.681632653061314
54,"('FUM', 'MDH')",16.763025210083974
55,"('GAPD', 'PGK', 'PGM')",14.151612903225784
56,"('GAPD', 'PGK', 'ENO')",14.151612903225784
57,"('GAPD', 'PGK', 'TPI')",1.2649350649350655
58,"('GAPD', 'PGK', 'ACONTb')",13.638596491228059
59,"('GAPD', 'PGK', 'ACONTa')",13.638596491228057
60,"('GAPD', 'PGK', 'CS')",13.638596491228057
61,"('GAPD', 'PGK', 'FUM')",14.151612903225804
62,"('GAPD', 'PGK', 'MDH')",14.151612903225836
63,"('GAPD', 'PGM', 'ENO')",14.151612903225836
64,"('GAPD', 'PGM', 'TPI')",1.264935064935065
65,"('GAPD', 'PGM', 'ACONTb')",13.638596491228045
66,"('GAPD', 'PGM', 'ACONTa')",13.638596491228045
67,"('GAPD', 'PGM', 'CS')",13.638596491228045
68,"('GAPD', 'PGM', 'FUM')",14.151612903225782
69,"('GAPD', 'PGM', 'MDH')",14.151612903225796
70,"('GAPD', 'ENO', 'TPI')",1.2649350649350601
71,"('GAPD', 'ENO', 'ACONTb')",13.638596491228078
72,"('GAPD', 'ENO', 'ACONTa')",13.638596491228078
73,"('GAPD', 'ENO', 'CS')",13.638596491228078
74,"('GAPD', 'ENO', 'FUM')",14.151612903225807
75,"('GAPD', 'ENO', 'MDH')",14.151612903225807
76,"('GAPD', 'TPI', 'ACONTb')",1.2649350649350777
77,"('GAPD', 'TPI', 'ACONTa')",1.2649350649350772
78,"('GAPD', 'TPI', 'CS')",1.2649350649350772
79,"('GAPD', 'TPI', 'FUM')",1.2649350649350772
80,"('GAPD', 'TPI', 'MDH')",1.2649350649350772
81,"('GAPD', 'ACONTb', 'ACONTa')",13.638596491228103
82,"('GAPD', 'ACONTb', 'CS')",13.638596491228103
83,"('GAPD', 'ACONTb', 'FUM')",13.638596491228103
84,"('GAPD', 'ACONTb', 'MDH')",13.638596491228103
85,"('GAPD', 'ACONTa', 'CS')",13.638596491228103
86,"('GAPD', 'ACONTa', 'FUM')",13.638596491228103
87,"('GAPD', 'ACONTa', 'MDH')",13.638596491228103
88,"('GAPD', 'CS', 'FUM')",13.638596491228103
89,"('GAPD', 'CS', 'MDH')",13.638596491228103
90,"('GAPD', 'FUM', 'MDH')",13.854237288135629
91,"('PGK', 'PGM', 'ENO')",14.151612903225837
92,"('PGK', 'PGM', 'TPI')",1.264935064935066
93,"('PGK', 'PGM', 'ACONTb')",13.63859649122802
94,"('PGK', 'PGM', 'ACONTa')",13.63859649122801
95,"('PGK', 'PGM', 'CS')",13.63859649122801
96,"('PGK', 'PGM', 'FUM')",14.151612903225779
97,"('PGK', 'PGM', 'MDH')",14.15161290322581
98,"('PGK', 'ENO', 'TPI')",1.264935064935066
99,"('PGK', 'ENO', 'ACONTb')",13.63859649122795
100,"('PGK', 'ENO', 'ACONTa')",13.638596491227952
101,"('PGK', 'ENO', 'CS')",13.638596491227952
102,"('PGK', 'ENO', 'FUM')",14.151612903225706
103,"('PGK', 'ENO', 'MDH')",14.151612903225704
104,"('PGK', 'TPI', 'ACONTb')",1.2649350649350604
105,"('PGK', 'TPI', 'ACONTa')",1.2649350649350617
106,"('PGK', 'TPI', 'CS')",1.2649350649350617
107,"('PGK', 'TPI', 'FUM')",1.2649350649350617
108,"('PGK', 'TPI', 'MDH')",1.2649350649350617
109,"('PGK', 'ACONTb', 'ACONTa')",13.63859649122808
110,"('PGK', 'ACONTb', 'CS')",13.63859649122808
111,"('PGK', 'ACONTb', 'FUM')",13.63859649122808
112,"('PGK', 'ACONTb', 'MDH')",13.63859649122808
113,"('PGK', 'ACONTa', 'CS')",13.63859649122808
114,"('PGK', 'ACONTa', 'FUM')",13.63859649122808
115,"('PGK', 'ACONTa', 'MDH')",13.63859649122808
116,"('PGK', 'CS', 'FUM')",13.63859649122808
117,"('PGK', 'CS', 'MDH')",13.63859649122808
118,"('PGK', 'FUM', 'MDH')",13.854237288135586
119,"('PGM', 'ENO', 'TPI')",14.796774193548401
120,"('PGM', 'ENO', 'ACONTb')",14.340350877193
121,"('PGM', 'ENO', 'ACONTa')",14.340350877193
122,"('PGM', 'ENO', 'CS')",14.340350877193
123,"('PGM', 'ENO', 'FUM')",14.610852713178343
124,"('PGM', 'ENO', 'MDH')",14.68756218905479
125,"('PGM', 'TPI', 'ACONTb')",14.340350877193007
126,"('PGM', 'TPI', 'ACONTa')",14.340350877193007
127,"('PGM', 'TPI', 'CS')",14.340350877193007
128,"('PGM', 'TPI', 'FUM')",14.610852713178284
129,"('PGM', 'TPI', 'MDH')",14.687562189054713
130,"('PGM', 'ACONTb', 'ACONTa')",14.340350877192979
131,"('PGM', 'ACONTb', 'CS')",14.340350877192979
132,"('PGM', 'ACONTb', 'FUM')",14.340350877192972
133,"('PGM', 'ACONTb', 'MDH')",14.340350877192972
134,"('PGM', 'ACONTa', 'CS')",14.340350877192972
135,"('PGM', 'ACONTa', 'FUM')",14.340350877192972
136,"('PGM', 'ACONTa', 'MDH')",14.340350877192972
137,"('PGM', 'CS', 'FUM')",14.340350877192972
138,"('PGM', 'CS', 'MDH')",14.340350877192972
139,"('PGM', 'FUM', 'MDH')",14.456666666666653
140,"('ENO', 'TPI', 'ACONTb')",14.340350877192984
141,"('ENO', 'TPI', 'ACONTa')",14.340350877192984
142,"('ENO', 'TPI', 'CS')",14.340350877192984
143,"('ENO', 'TPI', 'FUM')",14.610852713178296
144,"('ENO', 'TPI', 'MDH')",14.687562189054722
145,"('ENO', 'ACONTb', 'ACONTa')",14.340350877192979
146,"('ENO', 'ACONTb', 'CS')",14.340350877192979
147,"('ENO', 'ACONTb', 'FUM')",14.340350877192979
148,"('ENO', 'ACONTb', 'MDH')",14.340350877192979
149,"('ENO', 'ACONTa', 'CS')",14.340350877192986
150,"('ENO', 'ACONTa', 'FUM')",14.340350877192986
151,"('ENO', 'ACONTa', 'MDH')",14.340350877192986
152,"('ENO', 'CS', 'FUM')",14.340350877192986
153,"('ENO', 'CS', 'MDH')",14.340350877192986
154,"('ENO', 'FUM', 'MDH')",14.456666666666665
155,"('TPI', 'ACONTb', 'ACONTa')",15.74385964912281
156,"('TPI', 'ACONTb', 'CS')",15.74385964912281
157,"('TPI', 'ACONTb', 'FUM')",15.74385964912281
158,"('TPI', 'ACONTb', 'MDH')",15.74385964912281
159,"('TPI', 'ACONTa', 'CS')",15.743859649122811
160,"('TPI', 'ACONTa', 'FUM')",15.74385964912281
161,"('TPI', 'ACONTa', 'MDH')",15.74385964912281
162,"('TPI', 'CS', 'FUM')",15.74385964912281
163,"('TPI', 'CS', 'MDH')",15.74385964912281
164,"('TPI', 'FUM', 'MDH')",15.873333333333335
165,"('ACONTb', 'ACONTa', 'CS')",16.68163265306122
166,"('ACONTb', 'ACONTa', 'FUM')",16.68163265306122
167,"('ACONTb', 'ACONTa', 'MDH')",16.68163265306122
168,"('ACONTb', 'CS', 'FUM')",16.68163265306122
169,"('ACONTb', 'CS', 'MDH')",16.68163265306122
170,"('ACONTb', 'FUM', 'MDH')",16.68163265306122
171,"('ACONTa', 'CS', 'FUM')",16.681632653061214
172,"('ACONTa', 'CS', 'MDH')",16.681632653061214
173,"('ACONTa', 'FUM', 'MDH')",16.681632653061214
174,"('CS', 'FUM', 'MDH')",16.681632653061214
175,"('GAPD', 'PGK', 'PGM', 'ENO')",14.151612903225768
176,"('GAPD', 'PGK', 'PGM', 'TPI')",1.2649350649350481
177,"('GAPD', 'PGK', 'PGM', 'ACONTb')",13.638596491228096
178,"('GAPD', 'PGK', 'PGM', 'ACONTa')",13.638596491228096
179,"('GAPD', 'PGK', 'PGM', 'CS')",13.638596491228094
180,"('GAPD', 'PGK', 'PGM', 'FUM')",14.151612903225786
181,"('GAPD', 'PGK', 'PGM', 'MDH')",14.151612903225798
182,"('GAPD', 'PGK', 'ENO', 'TPI')",1.2649350649350684
183,"('GAPD', 'PGK', 'ENO', 'ACONTb')",13.638596491228075
184,"('GAPD', 'PGK', 'ENO', 'ACONTa')",13.638596491228075
185,"('GAPD', 'PGK', 'ENO', 'CS')",13.638596491228075
186,"('GAPD', 'PGK', 'ENO', 'FUM')",14.15161290322585
187,"('GAPD', 'PGK', 'ENO', 'MDH')",14.151612903225807
188,"('GAPD', 'PGK', 'TPI', 'ACONTb')",1.264935064935063
189,"('GAPD', 'PGK', 'TPI', 'ACONTa')",1.264935064935063
190,"('GAPD', 'PGK', 'TPI', 'CS')",1.2649350649350637
191,"('GAPD', 'PGK', 'TPI', 'FUM')",1.2649350649350637
192,"('GAPD', 'PGK', 'TPI', 'MDH')",1.2649350649350637
193,"('GAPD', 'PGK', 'ACONTb', 'ACONTa')",13.638596491228071
194,"('GAPD', 'PGK', 'ACONTb', 'CS')",13.638596491228071
195,"('GAPD', 'PGK', 'ACONTb', 'FUM')",13.638596491228071
196,"('GAPD', 'PGK', 'ACONTb', 'MDH')",13.638596491228071
197,"('GAPD', 'PGK', 'ACONTa', 'CS')",13.63859649122807
198,"('GAPD', 'PGK', 'ACONTa', 'FUM')",13.63859649122807
199,"('GAPD', 'PGK', 'ACONTa', 'MDH')",13.63859649122807
200,"('GAPD', 'PGK', 'CS', 'FUM')",13.63859649122807
201,"('GAPD', 'PGK', 'CS', 'MDH')",13.63859649122807
202,"('GAPD', 'PGK', 'FUM', 'MDH')",13.854237288135586
203,"('GAPD', 'PGM', 'ENO', 'TPI')",1.264935064935061
204,"('GAPD', 'PGM', 'ENO', 'ACONTb')",13.638596491228054
205,"('GAPD', 'PGM', 'ENO', 'ACONTa')",13.638596491228054
206,"('GAPD', 'PGM', 'ENO', 'CS')",13.638596491228054
207,"('GAPD', 'PGM', 'ENO', 'FUM')",14.1516129032258
208,"('GAPD', 'PGM', 'ENO', 'MDH')",14.15161290322581
209,"('GAPD', 'PGM', 'TPI', 'ACONTb')",1.264935064935079
210,"('GAPD', 'PGM', 'TPI', 'ACONTa')",1.264935064935079
211,"('GAPD', 'PGM', 'TPI', 'CS')",1.264935064935079
212,"('GAPD', 'PGM', 'TPI', 'FUM')",1.264935064935079
213,"('GAPD', 'PGM', 'TPI', 'MDH')",1.264935064935079
214,"('GAPD', 'PGM', 'ACONTb', 'ACONTa')",13.638596491228057
215,"('GAPD', 'PGM', 'ACONTb', 'CS')",13.638596491228057
216,"('GAPD', 'PGM', 'ACONTb', 'FUM')",13.638596491228057
217,"('GAPD', 'PGM', 'ACONTb', 'MDH')",13.638596491228057
218,"('GAPD', 'PGM', 'ACONTa', 'CS')",13.638596491228057
219,"('GAPD', 'PGM', 'ACONTa', 'FUM')",13.638596491228057
220,"('GAPD', 'PGM', 'ACONTa', 'MDH')",13.638596491228057
221,"('GAPD', 'PGM', 'CS', 'FUM')",13.638596491228057
222,"('GAPD', 'PGM', 'CS', 'MDH')",13.638596491228057
223,"('GAPD', 'PGM', 'FUM', 'MDH')",13.854237288135533
224,"('GAPD', 'ENO', 'TPI', 'ACONTb')",1.2649350649350772
225,"('GAPD', 'ENO', 'TPI', 'ACONTa')",1.2649350649350772
226,"('GAPD', 'ENO', 'TPI', 'CS')",1.2649350649350772
227,"('GAPD', 'ENO', 'TPI', 'FUM')",1.2649350649350772
228,"('GAPD', 'ENO', 'TPI', 'MDH')",1.2649350649350772
229,"('GAPD', 'ENO', 'ACONTb', 'ACONTa')",13.63859649122805
230,"('GAPD', 'ENO', 'ACONTb', 'CS')",13.63859649122805
231,"('GAPD', 'ENO', 'ACONTb', 'FUM')",13.63859649122805
232,"('GAPD', 'ENO', 'ACONTb', 'MDH')",13.63859649122805
233,"('GAPD', 'ENO', 'ACONTa', 'CS')",13.638596491228055
234,"('GAPD', 'ENO', 'ACONTa', 'FUM')",13.638596491228055
235,"('GAPD', 'ENO', 'ACONTa', 'MDH')",13.638596491228055
236,"('GAPD', 'ENO', 'CS', 'FUM')",13.63859649122805
237,"('GAPD', 'ENO', 'CS', 'MDH')",13.63859649122805
238,"('GAPD', 'ENO', 'FUM', 'MDH')",13.85423728813558
239,"('GAPD', 'TPI', 'ACONTb', 'ACONTa')",1.2649350649350712
240,"('GAPD', 'TPI', 'ACONTb', 'CS')",1.2649350649350712
241,"('GAPD', 'TPI', 'ACONTb', 'FUM')",1.2649350649350712
242,"('GAPD', 'TPI', 'ACONTb', 'MDH')",1.2649350649350712
243,"('GAPD', 'TPI', 'ACONTa', 'CS')",1.2649350649350712
244,"('GAPD', 'TPI', 'ACONTa', 'FUM')",1.2649350649350712
245,"('GAPD', 'TPI', 'ACONTa', 'MDH')",1.2649350649350712
246,"('GAPD', 'TPI', 'CS', 'FUM')",1.2649350649350712
247,"('GAPD', 'TPI', 'CS', 'MDH')",1.2649350649350712
248,"('GAPD', 'TPI', 'FUM', 'MDH')",1.2649350649350712
249,"('GAPD', 'ACONTb', 'ACONTa', 'CS')",13.638596491228064
250,"('GAPD', 'ACONTb', 'ACONTa', 'FUM')",13.638596491228064
251,"('GAPD', 'ACONTb', 'ACONTa', 'MDH')",13.638596491228064
252,"('GAPD', 'ACONTb', 'CS', 'FUM')",13.638596491228064
253,"('GAPD', 'ACONTb', 'CS', 'MDH')",13.638596491228064
254,"('GAPD', 'ACONTb', 'FUM', 'MDH')",13.63859649122806
255,"('GAPD', 'ACONTa', 'CS', 'FUM')",13.638596491228062
256,"('GAPD', 'ACONTa', 'CS', 'MDH')",13.638596491228062
257,"('GAPD', 'ACONTa', 'FUM', 'MDH')",13.638596491228062
258,"('GAPD', 'CS', 'FUM', 'MDH')",13.63859649122806
259,"('PGK', 'PGM', 'ENO', 'TPI')",1.2649350649350561
260,"('PGK', 'PGM', 'ENO', 'ACONTb')",13.638596491228057
261,"('PGK', 'PGM', 'ENO', 'ACONTa')",13.638596491228059
262,"('PGK', 'PGM', 'ENO', 'CS')",13.638596491228059
263,"('PGK', 'PGM', 'ENO', 'FUM')",14.15161290322579
264,"('PGK', 'PGM', 'ENO', 'MDH')",14.151612903225812
265,"('PGK', 'PGM', 'TPI', 'ACONTb')",1.2649350649350641
266,"('PGK', 'PGM', 'TPI', 'ACONTa')",1.2649350649350641
267,"('PGK', 'PGM', 'TPI', 'CS')",1.2649350649350641
268,"('PGK', 'PGM', 'TPI', 'FUM')",1.2649350649350641
269,"('PGK', 'PGM', 'TPI', 'MDH')",1.2649350649350641
270,"('PGK', 'PGM', 'ACONTb', 'ACONTa')",13.638596491228062
271,"('PGK', 'PGM', 'ACONTb', 'CS')",13.638596491228062
272,"('PGK', 'PGM', 'ACONTb', 'FUM')",13.638596491228062
273,"('PGK', 'PGM', 'ACONTb', 'MDH')",13.638596491228062
274,"('PGK', 'PGM', 'ACONTa', 'CS')",13.638596491228062
275,"('PGK', 'PGM', 'ACONTa', 'FUM')",13.638596491228062
276,"('PGK', 'PGM', 'ACONTa', 'MDH')",13.638596491228062
277,"('PGK', 'PGM', 'CS', 'FUM')",13.638596491228062
278,"('PGK', 'PGM', 'CS', 'MDH')",13.638596491228062
279,"('PGK', 'PGM', 'FUM', 'MDH')",13.854237288135588
280,"('PGK', 'ENO', 'TPI', 'ACONTb')",1.2649350649350688
281,"('PGK', 'ENO', 'TPI', 'ACONTa')",1.2649350649350688
282,"('PGK', 'ENO', 'TPI', 'CS')",1.2649350649350688
283,"('PGK', 'ENO', 'TPI', 'FUM')",1.2649350649350688
284,"('PGK', 'ENO', 'TPI', 'MDH')",1.2649350649350688
285,"('PGK', 'ENO', 'ACONTb', 'ACONTa')",13.638596491228112
286,"('PGK', 'ENO', 'ACONTb', 'CS')",13.638596491228112
287,"('PGK', 'ENO', 'ACONTb', 'FUM')",13.638596491228112
288,"('PGK', 'ENO', 'ACONTb', 'MDH')",13.638596491228112
289,"('PGK', 'ENO', 'ACONTa', 'CS')",13.638596491228112
290,"('PGK', 'ENO', 'ACONTa', 'FUM')",13.638596491228112
291,"('PGK', 'ENO', 'ACONTa', 'MDH')",13.638596491228112
292,"('PGK', 'ENO', 'CS', 'FUM')",13.638596491228112
293,"('PGK', 'ENO', 'CS', 'MDH')",13.638596491228112
294,"('PGK', 'ENO', 'FUM', 'MDH')",13.854237288135618
295,"('PGK', 'TPI', 'ACONTb', 'ACONTa')",1.2649350649350766
296,"('PGK', 'TPI', 'ACONTb', 'CS')",1.2649350649350766
297,"('PGK', 'TPI', 'ACONTb', 'FUM')",1.2649350649350766
298,"('PGK', 'TPI', 'ACONTb', 'MDH')",1.2649350649350766
299,"('PGK', 'TPI', 'ACONTa', 'CS')",1.2649350649350766
300,"('PGK', 'TPI', 'ACONTa', 'FUM')",1.2649350649350766
301,"('PGK', 'TPI', 'ACONTa', 'MDH')",1.2649350649350766
302,"('PGK', 'TPI', 'CS', 'FUM')",1.2649350649350772
303,"('PGK', 'TPI', 'CS', 'MDH')",1.2649350649350772
304,"('PGK', 'TPI', 'FUM', 'MDH')",1.2649350649350772
305,"('PGK', 'ACONTb', 'ACONTa', 'CS')",13.638596491228084
306,"('PGK', 'ACONTb', 'ACONTa', 'FUM')",13.638596491228084
307,"('PGK', 'ACONTb', 'ACONTa', 'MDH')",13.638596491228084
308,"('PGK', 'ACONTb', 'CS', 'FUM')",13.638596491228084
309,"('PGK', 'ACONTb', 'CS', 'MDH')",13.638596491228084
310,"('PGK', 'ACONTb', 'FUM', 'MDH')",13.638596491228084
311,"('PGK', 'ACONTa', 'CS', 'FUM')",13.638596491228084
312,"('PGK', 'ACONTa', 'CS', 'MDH')",13.638596491228084
313,"('PGK', 'ACONTa', 'FUM', 'MDH')",13.638596491228084
314,"('PGK', 'CS', 'FUM', 'MDH')",13.638596491228084
315,"('PGM', 'ENO', 'TPI', 'ACONTb')",14.340350877192963
316,"('PGM', 'ENO', 'TPI', 'ACONTa')",14.340350877192968
317,"('PGM', 'ENO', 'TPI', 'CS')",14.340350877192963
318,"('PGM', 'ENO', 'TPI', 'FUM')",14.610852713178272
319,"('PGM', 'ENO', 'TPI', 'MDH')",14.687562189054725
320,"('PGM', 'ENO', 'ACONTb', 'ACONTa')",14.340350877193055
321,"('PGM', 'ENO', 'ACONTb', 'CS')",14.340350877193055
322,"('PGM', 'ENO', 'ACONTb', 'FUM')",14.340350877193055
323,"('PGM', 'ENO', 'ACONTb', 'MDH')",14.340350877193055
324,"('PGM', 'ENO', 'ACONTa', 'CS')",14.340350877193055
325,"('PGM', 'ENO', 'ACONTa', 'FUM')",14.340350877193055
326,"('PGM', 'ENO', 'ACONTa', 'MDH')",14.340350877193055
327,"('PGM', 'ENO', 'CS', 'FUM')",14.340350877193055
328,"('PGM', 'ENO', 'CS', 'MDH')",14.340350877193055
329,"('PGM', 'ENO', 'FUM', 'MDH')",14.456666666666727
330,"('PGM', 'TPI', 'ACONTb', 'ACONTa')",14.34035087719299
331,"('PGM', 'TPI', 'ACONTb', 'CS')",14.34035087719299
332,"('PGM', 'TPI', 'ACONTb', 'FUM')",14.34035087719299
333,"('PGM', 'TPI', 'ACONTb', 'MDH')",14.34035087719299
334,"('PGM', 'TPI', 'ACONTa', 'CS')",14.34035087719299
335,"('PGM', 'TPI', 'ACONTa', 'FUM')",14.34035087719299
336,"('PGM', 'TPI', 'ACONTa', 'MDH')",14.34035087719299
337,"('PGM', 'TPI', 'CS', 'FUM')",14.34035087719299
338,"('PGM', 'TPI', 'CS', 'MDH')",14.34035087719299
339,"('PGM', 'TPI', 'FUM', 'MDH')",14.456666666666676
340,"('PGM', 'ACONTb', 'ACONTa', 'CS')",14.340350877192982
341,"('PGM', 'ACONTb', 'ACONTa', 'FUM')",14.340350877192982
342,"('PGM', 'ACONTb', 'ACONTa', 'MDH')",14.340350877192982
343,"('PGM', 'ACONTb', 'CS', 'FUM')",14.340350877192982
344,"('PGM', 'ACONTb', 'CS', 'MDH')",14.340350877192982
345,"('PGM', 'ACONTb', 'FUM', 'MDH')",14.340350877192982
346,"('PGM', 'ACONTa', 'CS', 'FUM')",14.340350877192991
347,"('PGM', 'ACONTa', 'CS', 'MDH')",14.340350877192991
348,"('PGM', 'ACONTa', 'FUM', 'MDH')",14.340350877192991
349,"('PGM', 'CS', 'FUM', 'MDH')",14.340350877192991
350,"('ENO', 'TPI', 'ACONTb', 'ACONTa')",14.340350877192993
351,"('ENO', 'TPI', 'ACONTb', 'CS')",14.340350877192993
352,"('ENO', 'TPI', 'ACONTb', 'FUM')",14.340350877192993
353,"('ENO', 'TPI', 'ACONTb', 'MDH')",14.340350877192993
354,"('ENO', 'TPI', 'ACONTa', 'CS')",14.340350877192993
355,"('ENO', 'TPI', 'ACONTa', 'FUM')",14.340350877192993
356,"('ENO', 'TPI', 'ACONTa', 'MDH')",14.340350877192993
357,"('ENO', 'TPI', 'CS', 'FUM')",14.340350877192993
358,"('ENO', 'TPI', 'CS', 'MDH')",14.340350877192993
359,"('ENO', 'TPI', 'FUM', 'MDH')",14.45666666666668
360,"('ENO', 'ACONTb', 'ACONTa', 'CS')",14.340350877192947
361,"('ENO', 'ACONTb', 'ACONTa', 'FUM')",14.34035087719295
362,"('ENO', 'ACONTb', 'ACONTa', 'MDH')",14.34035087719295
363,"('ENO', 'ACONTb', 'CS', 'FUM')",14.340350877192966
364,"('ENO', 'ACONTb', 'CS', 'MDH')",14.340350877192966
365,"('ENO', 'ACONTb', 'FUM', 'MDH')",14.340350877192966
366,"('ENO', 'ACONTa', 'CS', 'FUM')",14.340350877192966
367,"('ENO', 'ACONTa', 'CS', 'MDH')",14.340350877192966
368,"('ENO', 'ACONTa', 'FUM', 'MDH')",14.340350877192966
369,"('ENO', 'CS', 'FUM', 'MDH')",14.340350877192966
370,"('TPI', 'ACONTb', 'ACONTa', 'CS')",15.7438596491228
371,"('TPI', 'ACONTb', 'ACONTa', 'FUM')",15.743859649122804
372,"('TPI', 'ACONTb', 'ACONTa', 'MDH')",15.743859649122804
373,"('TPI', 'ACONTb', 'CS', 'FUM')",15.743859649122804
374,"('TPI', 'ACONTb', 'CS', 'MDH')",15.743859649122804
375,"('TPI', 'ACONTb', 'FUM', 'MDH')",15.743859649122804
376,"('TPI', 'ACONTa', 'CS', 'FUM')",15.743859649122804
377,"('TPI', 'ACONTa', 'CS', 'MDH')",15.743859649122804
378,"('TPI', 'ACONTa', 'FUM', 'MDH')",15.743859649122804
379,"('TPI', 'CS', 'FUM', 'MDH')",15.743859649122804
380,"('ACONTb', 'ACONTa', 'CS', 'FUM')",16.681632653061218
381,"('ACONTb', 'ACONTa', 'CS', 'MDH')",16.681632653061218
382,"('ACONTb', 'ACONTa', 'FUM', 'MDH')",16.681632653061218
383,"('ACONTb', 'CS', 'FUM', 'MDH')",16.681632653061218
384,"('ACONTa', 'CS', 'FUM', 'MDH')",16.681632653061218
385,"('GAPD', 'PGK', 'PGM', 'ENO', 'TPI')",1.2649350649350652
386,"('GAPD', 'PGK', 'PGM', 'ENO', 'ACONTb')",13.638596491228073
387,"('GAPD', 'PGK', 'PGM', 'ENO', 'ACONTa')",13.638596491228073
388,"('GAPD', 'PGK', 'PGM', 'ENO', 'CS')",13.638596491228073
389,"('GAPD', 'PGK', 'PGM', 'ENO', 'FUM')",14.15161290322581
390,"('GAPD', 'PGK', 'PGM', 'ENO', 'MDH')",14.151612903225804
391,"('GAPD', 'PGK', 'PGM', 'TPI', 'ACONTb')",1.26493506493507
392,"('GAPD', 'PGK', 'PGM', 'TPI', 'ACONTa')",1.26493506493507
393,"('GAPD', 'PGK', 'PGM', 'TPI', 'CS')",1.26493506493507
394,"('GAPD', 'PGK', 'PGM', 'TPI', 'FUM')",1.26493506493507
395,"('GAPD', 'PGK', 'PGM', 'TPI', 'MDH')",1.26493506493507
396,"('GAPD', 'PGK', 'PGM', 'ACONTb', 'ACONTa')",13.638596491228023
397,"('GAPD', 'PGK', 'PGM', 'ACONTb', 'CS')",13.638596491228029
398,"('GAPD', 'PGK', 'PGM', 'ACONTb', 'FUM')",13.638596491228029
399,"('GAPD', 'PGK', 'PGM', 'ACONTb', 'MDH')",13.638596491228029
400,"('GAPD', 'PGK', 'PGM', 'ACONTa', 'CS')",13.638596491228029
401,"('GAPD', 'PGK', 'PGM', 'ACONTa', 'FUM')",13.638596491228027
402,"('GAPD', 'PGK', 'PGM', 'ACONTa', 'MDH')",13.638596491228027
403,"('GAPD', 'PGK', 'PGM', 'CS', 'FUM')",13.638596491228027
404,"('GAPD', 'PGK', 'PGM', 'CS', 'MDH')",13.638596491228027
405,"('GAPD', 'PGK', 'PGM', 'FUM', 'MDH')",13.854237288135588
406,"('GAPD', 'PGK', 'ENO', 'TPI', 'ACONTb')",1.264935064935065
407,"('GAPD', 'PGK', 'ENO', 'TPI', 'ACONTa')",1.264935064935065
408,"('GAPD', 'PGK', 'ENO', 'TPI', 'CS')",1.264935064935065
409,"('GAPD', 'PGK', 'ENO', 'TPI', 'FUM')",1.264935064935065
410,"('GAPD', 'PGK', 'ENO', 'TPI', 'MDH')",1.264935064935065
411,"('GAPD', 'PGK', 'ENO', 'ACONTb', 'ACONTa')",13.638596491228071
412,"('GAPD', 'PGK', 'ENO', 'ACONTb', 'CS')",13.638596491228071
413,"('GAPD', 'PGK', 'ENO', 'ACONTb', 'FUM')",13.638596491228071
414,"('GAPD', 'PGK', 'ENO', 'ACONTb', 'MDH')",13.638596491228071
415,"('GAPD', 'PGK', 'ENO', 'ACONTa', 'CS')",13.638596491228071
416,"('GAPD', 'PGK', 'ENO', 'ACONTa', 'FUM')",13.638596491228071
417,"('GAPD', 'PGK', 'ENO', 'ACONTa', 'MDH')",13.638596491228071
418,"('GAPD', 'PGK', 'ENO', 'CS', 'FUM')",13.638596491228071
419,"('GAPD', 'PGK', 'ENO', 'CS', 'MDH')",13.638596491228071
420,"('GAPD', 'PGK', 'ENO', 'FUM', 'MDH')",13.854237288135582
421,"('GAPD', 'PGK', 'TPI', 'ACONTb', 'ACONTa')",1.2649350649350624
422,"('GAPD', 'PGK', 'TPI', 'ACONTb', 'CS')",1.2649350649350624
423,"('GAPD', 'PGK', 'TPI', 'ACONTb', 'FUM')",1.2649350649350624
424,"('GAPD', 'PGK', 'TPI', 'ACONTb', 'MDH')",1.2649350649350624
425,"('GAPD', 'PGK', 'TPI', 'ACONTa', 'CS')",1.2649350649350624
426,"('GAPD', 'PGK', 'TPI', 'ACONTa', 'FUM')",1.2649350649350624
427,"('GAPD', 'PGK', 'TPI', 'ACONTa', 'MDH')",1.2649350649350624
428,"('GAPD', 'PGK', 'TPI', 'CS', 'FUM')",1.2649350649350628
429,"('GAPD', 'PGK', 'TPI', 'CS', 'MDH')",1.2649350649350628
430,"('GAPD', 'PGK', 'TPI', 'FUM', 'MDH')",1.2649350649350628
431,"('GAPD', 'PGK', 'ACONTb', 'ACONTa', 'CS')",13.638596491228068
432,"('GAPD', 'PGK', 'ACONTb', 'ACONTa', 'FUM')",13.638596491228068
433,"('GAPD', 'PGK', 'ACONTb', 'ACONTa', 'MDH')",13.638596491228068
434,"('GAPD', 'PGK', 'ACONTb', 'CS', 'FUM')",13.638596491228068
435,"('GAPD', 'PGK', 'ACONTb', 'CS', 'MDH')",13.638596491228068
436,"('GAPD', 'PGK', 'ACONTb', 'FUM', 'MDH')",13.638596491228068
437,"('GAPD', 'PGK', 'ACONTa', 'CS', 'FUM')",13.638596491228071
438,"('GAPD', 'PGK', 'ACONTa', 'CS', 'MDH')",13.638596491228071
439,"('GAPD', 'PGK', 'ACONTa', 'FUM', 'MDH')",13.638596491228071
440,"('GAPD', 'PGK', 'CS', 'FUM', 'MDH')",13.638596491228071
441,"('GAPD', 'PGM', 'ENO', 'TPI', 'ACONTb')",1.2649350649350632
442,"('GAPD', 'PGM', 'ENO', 'TPI', 'ACONTa')",1.264935064935063
443,"('GAPD', 'PGM', 'ENO', 'TPI', 'CS')",1.264935064935063
444,"('GAPD', 'PGM', 'ENO', 'TPI', 'FUM')",1.264935064935063
445,"('GAPD', 'PGM', 'ENO', 'TPI', 'MDH')",1.264935064935063
446,"('GAPD', 'PGM', 'ENO', 'ACONTb', 'ACONTa')",13.638596491228135
447,"('GAPD', 'PGM', 'ENO', 'ACONTb', 'CS')",13.638596491228135
448,"('GAPD', 'PGM', 'ENO', 'ACONTb', 'FUM')",13.638596491228135
449,"('GAPD', 'PGM', 'ENO', 'ACONTb', 'MDH')",13.638596491228135
450,"('GAPD', 'PGM', 'ENO', 'ACONTa', 'CS')",13.638596491228135
451,"('GAPD', 'PGM', 'ENO', 'ACONTa', 'FUM')",13.638596491228135
452,"('GAPD', 'PGM', 'ENO', 'ACONTa', 'MDH')",13.638596491228135
453,"('GAPD', 'PGM', 'ENO', 'CS', 'FUM')",13.638596491228135
454,"('GAPD', 'PGM', 'ENO', 'CS', 'MDH')",13.638596491228135
455,"('GAPD', 'PGM', 'ENO', 'FUM', 'MDH')",13.854237288135632
456,"('GAPD', 'PGM', 'TPI', 'ACONTb', 'ACONTa')",1.264935064935068
457,"('GAPD', 'PGM', 'TPI', 'ACONTb', 'CS')",1.264935064935068
458,"('GAPD', 'PGM', 'TPI', 'ACONTb', 'FUM')",1.264935064935068
459,"('GAPD', 'PGM', 'TPI', 'ACONTb', 'MDH')",1.264935064935068
460,"('GAPD', 'PGM', 'TPI', 'ACONTa', 'CS')",1.264935064935068
461,"('GAPD', 'PGM', 'TPI', 'ACONTa', 'FUM')",1.264935064935068
462,"('GAPD', 'PGM', 'TPI', 'ACONTa', 'MDH')",1.264935064935068
463,"('GAPD', 'PGM', 'TPI', 'CS', 'FUM')",1.264935064935068
464,"('GAPD', 'PGM', 'TPI', 'CS', 'MDH')",1.264935064935068
465,"('GAPD', 'PGM', 'TPI', 'FUM', 'MDH')",1.264935064935068
466,"('GAPD', 'PGM', 'ACONTb', 'ACONTa', 'CS')",13.63859649122804
467,"('GAPD', 'PGM', 'ACONTb', 'ACONTa', 'FUM')",13.638596491228029
468,"('GAPD', 'PGM', 'ACONTb', 'ACONTa', 'MDH')",13.638596491228029
469,"('GAPD', 'PGM', 'ACONTb', 'CS', 'FUM')",13.638596491228029
470,"('GAPD', 'PGM', 'ACONTb', 'CS', 'MDH')",13.638596491228029
471,"('GAPD', 'PGM', 'ACONTb', 'FUM', 'MDH')",13.638596491228029
472,"('GAPD', 'PGM', 'ACONTa', 'CS', 'FUM')",13.638596491228038
473,"('GAPD', 'PGM', 'ACONTa', 'CS', 'MDH')",13.638596491228038
474,"('GAPD', 'PGM', 'ACONTa', 'FUM', 'MDH')",13.638596491228034
475,"('GAPD', 'PGM', 'CS', 'FUM', 'MDH')",13.638596491228045
476,"('GAPD', 'ENO', 'TPI', 'ACONTb', 'ACONTa')",1.2649350649350624
477,"('GAPD', 'ENO', 'TPI', 'ACONTb', 'CS')",1.2649350649350626
478,"('GAPD', 'ENO', 'TPI', 'ACONTb', 'FUM')",1.2649350649350626
479,"('GAPD', 'ENO', 'TPI', 'ACONTb', 'MDH')",1.2649350649350626
480,"('GAPD', 'ENO', 'TPI', 'ACONTa', 'CS')",1.2649350649350626
481,"('GAPD', 'ENO', 'TPI', 'ACONTa', 'FUM')",1.2649350649350626
482,"('GAPD', 'ENO', 'TPI', 'ACONTa', 'MDH')",1.2649350649350626
483,"('GAPD', 'ENO', 'TPI', 'CS', 'FUM')",1.2649350649350626
484,"('GAPD', 'ENO', 'TPI', 'CS', 'MDH')",1.2649350649350626
485,"('GAPD', 'ENO', 'TPI', 'FUM', 'MDH')",1.2649350649350626
486,"('GAPD', 'ENO', 'ACONTb', 'ACONTa', 'CS')",13.638596491228016
487,"('GAPD', 'ENO', 'ACONTb', 'ACONTa', 'FUM')",13.638596491228016
488,"('GAPD', 'ENO', 'ACONTb', 'ACONTa', 'MDH')",13.638596491228016
489,"('GAPD', 'ENO', 'ACONTb', 'CS', 'FUM')",13.638596491228016
490,"('GAPD', 'ENO', 'ACONTb', 'CS', 'MDH')",13.638596491228016
491,"('GAPD', 'ENO', 'ACONTb', 'FUM', 'MDH')",13.638596491228016
492,"('GAPD', 'ENO', 'ACONTa', 'CS', 'FUM')",13.638596491228059
493,"('GAPD', 'ENO', 'ACONTa', 'CS', 'MDH')",13.638596491228059
494,"('GAPD', 'ENO', 'ACONTa', 'FUM', 'MDH')",13.638596491228059
495,"('GAPD', 'ENO', 'CS', 'FUM', 'MDH')",13.638596491228059
496,"('GAPD', 'TPI', 'ACONTb', 'ACONTa', 'CS')",1.2649350649350652
497,"('GAPD', 'TPI', 'ACONTb', 'ACONTa', 'FUM')",1.2649350649350652
498,"('GAPD', 'TPI', 'ACONTb', 'ACONTa', 'MDH')",1.2649350649350652
499,"('GAPD', 'TPI', 'ACONTb', 'CS', 'FUM')",1.2649350649350652
500,"('GAPD', 'TPI', 'ACONTb', 'CS', 'MDH')",1.2649350649350652
501,"('GAPD', 'TPI', 'ACONTb', 'FUM', 'MDH')",1.2649350649350652
502,"('GAPD', 'TPI', 'ACONTa', 'CS', 'FUM')",1.2649350649350652
503,"('GAPD', 'TPI', 'ACONTa', 'CS', 'MDH')",1.2649350649350652
504,"('GAPD', 'TPI', 'ACONTa', 'FUM', 'MDH')",1.2649350649350652
505,"('GAPD', 'TPI', 'CS', 'FUM', 'MDH')",1.264935064935064
506,"('GAPD', 'ACONTb', 'ACONTa', 'CS', 'FUM')",13.63859649122806
507,"('GAPD', 'ACONTb', 'ACONTa', 'CS', 'MDH')",13.63859649122806
508,"('GAPD', 'ACONTb', 'ACONTa', 'FUM', 'MDH')",13.63859649122806
509,"('GAPD', 'ACONTb', 'CS', 'FUM', 'MDH')",13.63859649122806
510,"('GAPD', 'ACONTa', 'CS', 'FUM', 'MDH')",13.63859649122806
511,"('PGK', 'PGM', 'ENO', 'TPI', 'ACONTb')",1.2649350649350586
512,"('PGK', 'PGM', 'ENO', 'TPI', 'ACONTa')",1.2649350649350586
513,"('PGK', 'PGM', 'ENO', 'TPI', 'CS')",1.2649350649350586
514,"('PGK', 'PGM', 'ENO', 'TPI', 'FUM')",1.2649350649350586
515,"('PGK', 'PGM', 'ENO', 'TPI', 'MDH')",1.2649350649350586
516,"('PGK', 'PGM', 'ENO', 'ACONTb', 'ACONTa')",13.638596491228073
517,"('PGK', 'PGM', 'ENO', 'ACONTb', 'CS')",13.638596491228073
518,"('PGK', 'PGM', 'ENO', 'ACONTb', 'FUM')",13.638596491228073
519,"('PGK', 'PGM', 'ENO', 'ACONTb', 'MDH')",13.638596491228073
520,"('PGK', 'PGM', 'ENO', 'ACONTa', 'CS')",13.638596491228073
521,"('PGK', 'PGM', 'ENO', 'ACONTa', 'FUM')",13.638596491228073
522,"('PGK', 'PGM', 'ENO', 'ACONTa', 'MDH')",13.638596491228073
523,"('PGK', 'PGM', 'ENO', 'CS', 'FUM')",13.638596491228073
524,"('PGK', 'PGM', 'ENO', 'CS', 'MDH')",13.638596491228073
525,"('PGK', 'PGM', 'ENO', 'FUM', 'MDH')",13.854237288135593
526,"('PGK', 'PGM', 'TPI', 'ACONTb', 'ACONTa')",1.2649350649350706
527,"('PGK', 'PGM', 'TPI', 'ACONTb', 'CS')",1.2649350649350706
528,"('PGK', 'PGM', 'TPI', 'ACONTb', 'FUM')",1.2649350649350706
529,"('PGK', 'PGM', 'TPI', 'ACONTb', 'MDH')",1.2649350649350706
530,"('PGK', 'PGM', 'TPI', 'ACONTa', 'CS')",1.2649350649350706
531,"('PGK', 'PGM', 'TPI', 'ACONTa', 'FUM')",1.2649350649350706
532,"('PGK', 'PGM', 'TPI', 'ACONTa', 'MDH')",1.2649350649350706
533,"('PGK', 'PGM', 'TPI', 'CS', 'FUM')",1.2649350649350706
534,"('PGK', 'PGM', 'TPI', 'CS', 'MDH')",1.2649350649350706
535,"('PGK', 'PGM', 'TPI', 'FUM', 'MDH')",1.2649350649350706
536,"('PGK', 'PGM', 'ACONTb', 'ACONTa', 'CS')",13.638596491228064
537,"('PGK', 'PGM', 'ACONTb', 'ACONTa', 'FUM')",13.638596491228064
538,"('PGK', 'PGM', 'ACONTb', 'ACONTa', 'MDH')",13.638596491228064
539,"('PGK', 'PGM', 'ACONTb', 'CS', 'FUM')",13.638596491228064
540,"('PGK', 'PGM', 'ACONTb', 'CS', 'MDH')",13.638596491228064
541,"('PGK', 'PGM', 'ACONTb', 'FUM', 'MDH')",13.638596491228064
542,"('PGK', 'PGM', 'ACONTa', 'CS', 'FUM')",13.63859649122806
543,"('PGK', 'PGM', 'ACONTa', 'CS', 'MDH')",13.63859649122806
544,"('PGK', 'PGM', 'ACONTa', 'FUM', 'MDH')",13.63859649122806
545,"('PGK', 'PGM', 'CS', 'FUM', 'MDH')",13.638596491228096
546,"('PGK', 'ENO', 'TPI', 'ACONTb', 'ACONTa')",1.2649350649350648
547,"('PGK', 'ENO', 'TPI', 'ACONTb', 'CS')",1.2649350649350648
548,"('PGK', 'ENO', 'TPI', 'ACONTb', 'FUM')",1.2649350649350648
549,"('PGK', 'ENO', 'TPI', 'ACONTb', 'MDH')",1.2649350649350648
550,"('PGK', 'ENO', 'TPI', 'ACONTa', 'CS')",1.2649350649350655
551,"('PGK', 'ENO', 'TPI', 'ACONTa', 'FUM')",1.2649350649350655
552,"('PGK', 'ENO', 'TPI', 'ACONTa', 'MDH')",1.2649350649350655
553,"('PGK', 'ENO', 'TPI', 'CS', 'FUM')",1.2649350649350655
554,"('PGK', 'ENO', 'TPI', 'CS', 'MDH')",1.2649350649350655
555,"('PGK', 'ENO', 'TPI', 'FUM', 'MDH')",1.2649350649350655
556,"('PGK', 'ENO', 'ACONTb', 'ACONTa', 'CS')",13.638596491228084
557,"('PGK', 'ENO', 'ACONTb', 'ACONTa', 'FUM')",13.638596491228084
558,"('PGK', 'ENO', 'ACONTb', 'ACONTa', 'MDH')",13.638596491228084
559,"('PGK', 'ENO', 'ACONTb', 'CS', 'FUM')",13.638596491228084
560,"('PGK', 'ENO', 'ACONTb', 'CS', 'MDH')",13.638596491228084
561,"('PGK', 'ENO', 'ACONTb', 'FUM', 'MDH')",13.638596491228084
562,"('PGK', 'ENO', 'ACONTa', 'CS', 'FUM')",13.638596491228084
563,"('PGK', 'ENO', 'ACONTa', 'CS', 'MDH')",13.638596491228084
564,"('PGK', 'ENO', 'ACONTa', 'FUM', 'MDH')",13.638596491228084
565,"('PGK', 'ENO', 'CS', 'FUM', 'MDH')",13.638596491228082
566,"('PGK', 'TPI', 'ACONTb', 'ACONTa', 'CS')",1.2649350649350681
567,"('PGK', 'TPI', 'ACONTb', 'ACONTa', 'FUM')",1.2649350649350681
568,"('PGK', 'TPI', 'ACONTb', 'ACONTa', 'MDH')",1.2649350649350681
569,"('PGK', 'TPI', 'ACONTb', 'CS', 'FUM')",1.2649350649350681
570,"('PGK', 'TPI', 'ACONTb', 'CS', 'MDH')",1.2649350649350681
571,"('PGK', 'TPI', 'ACONTb', 'FUM', 'MDH')",1.2649350649350681
572,"('PGK', 'TPI', 'ACONTa', 'CS', 'FUM')",1.2649350649350681
573,"('PGK', 'TPI', 'ACONTa', 'CS', 'MDH')",1.2649350649350681
574,"('PGK', 'TPI', 'ACONTa', 'FUM', 'MDH')",1.2649350649350681
575,"('PGK', 'TPI', 'CS', 'FUM', 'MDH')",1.2649350649350684
576,"('PGK', 'ACONTb', 'ACONTa', 'CS', 'FUM')",13.638596491228098
577,"('PGK', 'ACONTb', 'ACONTa', 'CS', 'MDH')",13.638596491228098
578,"('PGK', 'ACONTb', 'ACONTa', 'FUM', 'MDH')",13.638596491228098
579,"('PGK', 'ACONTb', 'CS', 'FUM', 'MDH')",13.638596491228089
580,"('PGK', 'ACONTa', 'CS', 'FUM', 'MDH')",13.638596491228089
581,"('PGM', 'ENO', 'TPI', 'ACONTb', 'ACONTa')",14.34035087719298
582,"('PGM', 'ENO', 'TPI', 'ACONTb', 'CS')",14.340350877192979
583,"('PGM', 'ENO', 'TPI', 'ACONTb', 'FUM')",14.340350877192979
584,"('PGM', 'ENO', 'TPI', 'ACONTb', 'MDH')",14.340350877192979
585,"('PGM', 'ENO', 'TPI', 'ACONTa', 'CS')",14.340350877192979
586,"('PGM', 'ENO', 'TPI', 'ACONTa', 'FUM')",14.340350877192979
587,"('PGM', 'ENO', 'TPI', 'ACONTa', 'MDH')",14.340350877192979
588,"('PGM', 'ENO', 'TPI', 'CS', 'FUM')",14.340350877192979
589,"('PGM', 'ENO', 'TPI', 'CS', 'MDH')",14.340350877192979
590,"('PGM', 'ENO', 'TPI', 'FUM', 'MDH')",14.45666666666666
591,"('PGM', 'ENO', 'ACONTb', 'ACONTa', 'CS')",14.340350877192966
592,"('PGM', 'ENO', 'ACONTb', 'ACONTa', 'FUM')",14.340350877192966
593,"('PGM', 'ENO', 'ACONTb', 'ACONTa', 'MDH')",14.340350877192966
594,"('PGM', 'ENO', 'ACONTb', 'CS', 'FUM')",14.340350877192966
595,"('PGM', 'ENO', 'ACONTb', 'CS', 'MDH')",14.340350877192966
596,"('PGM', 'ENO', 'ACONTb', 'FUM', 'MDH')",14.340350877192966
597,"('PGM', 'ENO', 'ACONTa', 'CS', 'FUM')",14.340350877192963
598,"('PGM', 'ENO', 'ACONTa', 'CS', 'MDH')",14.340350877192963
599,"('PGM', 'ENO', 'ACONTa', 'FUM', 'MDH')",14.340350877192963
600,"('PGM', 'ENO', 'CS', 'FUM', 'MDH')",14.340350877192964
601,"('PGM', 'TPI', 'ACONTb', 'ACONTa', 'CS')",14.34035087719296
602,"('PGM', 'TPI', 'ACONTb', 'ACONTa', 'FUM')",14.34035087719296
603,"('PGM', 'TPI', 'ACONTb', 'ACONTa', 'MDH')",14.34035087719296
604,"('PGM', 'TPI', 'ACONTb', 'CS', 'FUM')",14.34035087719296
605,"('PGM', 'TPI', 'ACONTb', 'CS', 'MDH')",14.34035087719296
606,"('PGM', 'TPI', 'ACONTb', 'FUM', 'MDH')",14.34035087719296
607,"('PGM', 'TPI', 'ACONTa', 'CS', 'FUM')",14.340350877192964
608,"('PGM', 'TPI', 'ACONTa', 'CS', 'MDH')",14.340350877192964
609,"('PGM', 'TPI', 'ACONTa', 'FUM', 'MDH')",14.340350877192964
610,"('PGM', 'TPI', 'CS', 'FUM', 'MDH')",14.340350877192963
611,"('PGM', 'ACONTb', 'ACONTa', 'CS', 'FUM')",14.34035087719296
612,"('PGM', 'ACONTb', 'ACONTa', 'CS', 'MDH')",14.34035087719296
613,"('PGM', 'ACONTb', 'ACONTa', 'FUM', 'MDH')",14.340350877192964
614,"('PGM', 'ACONTb', 'CS', 'FUM', 'MDH')",14.340350877192964
615,"('PGM', 'ACONTa', 'CS', 'FUM', 'MDH')",14.340350877192964
616,"('ENO', 'TPI', 'ACONTb', 'ACONTa', 'CS')",14.34035087719296
617,"('ENO', 'TPI', 'ACONTb', 'ACONTa', 'FUM')",14.34035087719296
618,"('ENO', 'TPI', 'ACONTb', 'ACONTa', 'MDH')",14.34035087719296
619,"('ENO', 'TPI', 'ACONTb', 'CS', 'FUM')",14.34035087719296
620,"('ENO', 'TPI', 'ACONTb', 'CS', 'MDH')",14.34035087719296
621,"('ENO', 'TPI', 'ACONTb', 'FUM', 'MDH')",14.34035087719296
622,"('ENO', 'TPI', 'ACONTa', 'CS', 'FUM')",14.34035087719296
623,"('ENO', 'TPI', 'ACONTa', 'CS', 'MDH')",14.34035087719296
624,"('ENO', 'TPI', 'ACONTa', 'FUM', 'MDH')",14.340350877192964
625,"('ENO', 'TPI', 'CS', 'FUM', 'MDH')",14.340350877192963
626,"('ENO', 'ACONTb', 'ACONTa', 'CS', 'FUM')",14.34035087719296
627,"('ENO', 'ACONTb', 'ACONTa', 'CS', 'MDH')",14.34035087719296
628,"('ENO', 'ACONTb', 'ACONTa', 'FUM', 'MDH')",14.34035087719296
629,"('ENO', 'ACONTb', 'CS', 'FUM', 'MDH')",14.34035087719296
630,"('ENO', 'ACONTa', 'CS', 'FUM', 'MDH')",14.34035087719296
631,"('TPI', 'ACONTb', 'ACONTa', 'CS', 'FUM')",15.743859649122813
632,"('TPI', 'ACONTb', 'ACONTa', 'CS', 'MDH')",15.743859649122813
633,"('TPI', 'ACONTb', 'ACONTa', 'FUM', 'MDH')",15.743859649122813
634,"('TPI', 'ACONTb', 'CS', 'FUM', 'MDH')",15.743859649122813
635,"('TPI', 'ACONTa', 'CS', 'FUM', 'MDH')",15.743859649122813
636,"('ACONTb', 'ACONTa', 'CS', 'FUM', 'MDH')",16.681632653061236
637,"('GAPD', 'PGK', 'PGM', 'ENO', 'TPI', 'ACONTb')",1.2649350649350621
638,"('GAPD', 'PGK', 'PGM', 'ENO', 'TPI', 'ACONTa')",1.2649350649350621
639,"('GAPD', 'PGK', 'PGM', 'ENO', 'TPI', 'CS')",1.2649350649350621
640,"('GAPD', 'PGK', 'PGM', 'ENO', 'TPI', 'FUM')",1.2649350649350621
641,"('GAPD', 'PGK', 'PGM', 'ENO', 'TPI', 'MDH')",1.2649350649350621
642,"('GAPD', 'PGK', 'PGM', 'ENO', 'ACONTb', 'ACONTa')",13.638596491228071
643,"('GAPD', 'PGK', 'PGM', 'ENO', 'ACONTb', 'CS')",13.638596491228071
644,"('GAPD', 'PGK', 'PGM', 'ENO', 'ACONTb', 'FUM')",13.638596491228071
645,"('GAPD', 'PGK', 'PGM', 'ENO', 'ACONTb', 'MDH')",13.638596491228071
646,"('GAPD', 'PGK', 'PGM', 'ENO', 'ACONTa', 'CS')",13.638596491228071
647,"('GAPD', 'PGK', 'PGM', 'ENO', 'ACONTa', 'FUM')",13.638596491228071
648,"('GAPD', 'PGK', 'PGM', 'ENO', 'ACONTa', 'MDH')",13.638596491228071
649,"('GAPD', 'PGK', 'PGM', 'ENO', 'CS', 'FUM')",13.638596491228071
650,"('GAPD', 'PGK', 'PGM', 'ENO', 'CS', 'MDH')",13.638596491228071
651,"('GAPD', 'PGK', 'PGM', 'ENO', 'FUM', 'MDH')",13.854237288135584
652,"('GAPD', 'PGK', 'PGM', 'TPI', 'ACONTb', 'ACONTa')",1.2649350649350664
653,"('GAPD', 'PGK', 'PGM', 'TPI', 'ACONTb', 'CS')",1.2649350649350664
654,"('GAPD', 'PGK', 'PGM', 'TPI', 'ACONTb', 'FUM')",1.2649350649350664
655,"('GAPD', 'PGK', 'PGM', 'TPI', 'ACONTb', 'MDH')",1.2649350649350664
656,"('GAPD', 'PGK', 'PGM', 'TPI', 'ACONTa', 'CS')",1.2649350649350672
657,"('GAPD', 'PGK', 'PGM', 'TPI', 'ACONTa', 'FUM')",1.2649350649350672
658,"('GAPD', 'PGK', 'PGM', 'TPI', 'ACONTa', 'MDH')",1.2649350649350672
659,"('GAPD', 'PGK', 'PGM', 'TPI', 'CS', 'FUM')",1.2649350649350672
660,"('GAPD', 'PGK', 'PGM', 'TPI', 'CS', 'MDH')",1.2649350649350672
661,"('GAPD', 'PGK', 'PGM', 'TPI', 'FUM', 'MDH')",1.2649350649350672
662,"('GAPD', 'PGK', 'PGM', 'ACONTb', 'ACONTa', 'CS')",13.638596491228025
663,"('GAPD', 'PGK', 'PGM', 'ACONTb', 'ACONTa', 'FUM')",13.638596491228025
664,"('GAPD', 'PGK', 'PGM', 'ACONTb', 'ACONTa', 'MDH')",13.638596491228025
665,"('GAPD', 'PGK', 'PGM', 'ACONTb', 'CS', 'FUM')",13.638596491228025
666,"('GAPD', 'PGK', 'PGM', 'ACONTb', 'CS', 'MDH')",13.638596491228025
667,"('GAPD', 'PGK', 'PGM', 'ACONTb', 'FUM', 'MDH')",13.638596491228025
668,"('GAPD', 'PGK', 'PGM', 'ACONTa', 'CS', 'FUM')",13.638596491228025
669,"('GAPD', 'PGK', 'PGM', 'ACONTa', 'CS', 'MDH')",13.638596491228025
670,"('GAPD', 'PGK', 'PGM', 'ACONTa', 'FUM', 'MDH')",13.638596491228025
671,"('GAPD', 'PGK', 'PGM', 'CS', 'FUM', 'MDH')",13.638596491228025
672,"('GAPD', 'PGK', 'ENO', 'TPI', 'ACONTb', 'ACONTa')",1.264935064935067
673,"('GAPD', 'PGK', 'ENO', 'TPI', 'ACONTb', 'CS')",1.264935064935067
674,"('GAPD', 'PGK', 'ENO', 'TPI', 'ACONTb', 'FUM')",1.264935064935067
675,"('GAPD', 'PGK', 'ENO', 'TPI', 'ACONTb', 'MDH')",1.264935064935067
676,"('GAPD', 'PGK', 'ENO', 'TPI', 'ACONTa', 'CS')",1.264935064935067
677,"('GAPD', 'PGK', 'ENO', 'TPI', 'ACONTa', 'FUM')",1.264935064935067
678,"('GAPD', 'PGK', 'ENO', 'TPI', 'ACONTa', 'MDH')",1.264935064935067
679,"('GAPD', 'PGK', 'ENO', 'TPI', 'CS', 'FUM')",1.264935064935067
680,"('GAPD', 'PGK', 'ENO', 'TPI', 'CS', 'MDH')",1.264935064935067
681,"('GAPD', 'PGK', 'ENO', 'TPI', 'FUM', 'MDH')",1.264935064935067
682,"('GAPD', 'PGK', 'ENO', 'ACONTb', 'ACONTa', 'CS')",13.638596491228064
683,"('GAPD', 'PGK', 'ENO', 'ACONTb', 'ACONTa', 'FUM')",13.638596491228064
684,"('GAPD', 'PGK', 'ENO', 'ACONTb', 'ACONTa', 'MDH')",13.638596491228064
685,"('GAPD', 'PGK', 'ENO', 'ACONTb', 'CS', 'FUM')",13.638596491228064
686,"('GAPD', 'PGK', 'ENO', 'ACONTb', 'CS', 'MDH')",13.638596491228064
687,"('GAPD', 'PGK', 'ENO', 'ACONTb', 'FUM', 'MDH')",13.638596491228064
688,"('GAPD', 'PGK', 'ENO', 'ACONTa', 'CS', 'FUM')",13.638596491228064
689,"('GAPD', 'PGK', 'ENO', 'ACONTa', 'CS', 'MDH')",13.638596491228064
690,"('GAPD', 'PGK', 'ENO', 'ACONTa', 'FUM', 'MDH')",13.638596491228064
691,"('GAPD', 'PGK', 'ENO', 'CS', 'FUM', 'MDH')",13.638596491228064
692,"('GAPD', 'PGK', 'TPI', 'ACONTb', 'ACONTa', 'CS')",1.2649350649350652
693,"('GAPD', 'PGK', 'TPI', 'ACONTb', 'ACONTa', 'FUM')",1.2649350649350652
694,"('GAPD', 'PGK', 'TPI', 'ACONTb', 'ACONTa', 'MDH')",1.2649350649350652
695,"('GAPD', 'PGK', 'TPI', 'ACONTb', 'CS', 'FUM')",1.2649350649350652
696,"('GAPD', 'PGK', 'TPI', 'ACONTb', 'CS', 'MDH')",1.2649350649350652
697,"('GAPD', 'PGK', 'TPI', 'ACONTb', 'FUM', 'MDH')",1.2649350649350652
698,"('GAPD', 'PGK', 'TPI', 'ACONTa', 'CS', 'FUM')",1.2649350649350652
699,"('GAPD', 'PGK', 'TPI', 'ACONTa', 'CS', 'MDH')",1.2649350649350652
700,"('GAPD', 'PGK', 'TPI', 'ACONTa', 'FUM', 'MDH')",1.2649350649350652
701,"('GAPD', 'PGK', 'TPI', 'CS', 'FUM', 'MDH')",1.2649350649350652
702,"('GAPD', 'PGK', 'ACONTb', 'ACONTa', 'CS', 'FUM')",13.638596491228064
703,"('GAPD', 'PGK', 'ACONTb', 'ACONTa', 'CS', 'MDH')",13.638596491228064
704,"('GAPD', 'PGK', 'ACONTb', 'ACONTa', 'FUM', 'MDH')",13.638596491228064
705,"('GAPD', 'PGK', 'ACONTb', 'CS', 'FUM', 'MDH')",13.638596491228064
706,"('GAPD', 'PGK', 'ACONTa', 'CS', 'FUM', 'MDH')",13.638596491228064
707,"('GAPD', 'PGM', 'ENO', 'TPI', 'ACONTb', 'ACONTa')",1.2649350649350604
708,"('GAPD', 'PGM', 'ENO', 'TPI', 'ACONTb', 'CS')",1.2649350649350604
709,"('GAPD', 'PGM', 'ENO', 'TPI', 'ACONTb', 'FUM')",1.2649350649350604
710,"('GAPD', 'PGM', 'ENO', 'TPI', 'ACONTb', 'MDH')",1.2649350649350604
711,"('GAPD', 'PGM', 'ENO', 'TPI', 'ACONTa', 'CS')",1.2649350649350604
712,"('GAPD', 'PGM', 'ENO', 'TPI', 'ACONTa', 'FUM')",1.2649350649350604
713,"('GAPD', 'PGM', 'ENO', 'TPI', 'ACONTa', 'MDH')",1.2649350649350604
714,"('GAPD', 'PGM', 'ENO', 'TPI', 'CS', 'FUM')",1.2649350649350604
715,"('GAPD', 'PGM', 'ENO', 'TPI', 'CS', 'MDH')",1.2649350649350604
716,"('GAPD', 'PGM', 'ENO', 'TPI', 'FUM', 'MDH')",1.2649350649350604
717,"('GAPD', 'PGM', 'ENO', 'ACONTb', 'ACONTa', 'CS')",13.638596491227984
718,"('GAPD', 'PGM', 'ENO', 'ACONTb', 'ACONTa', 'FUM')",13.63859649122799
719,"('GAPD', 'PGM', 'ENO', 'ACONTb', 'ACONTa', 'MDH')",13.63859649122799
720,"('GAPD', 'PGM', 'ENO', 'ACONTb', 'CS', 'FUM')",13.63859649122799
721,"('GAPD', 'PGM', 'ENO', 'ACONTb', 'CS', 'MDH')",13.63859649122799
722,"('GAPD', 'PGM', 'ENO', 'ACONTb', 'FUM', 'MDH')",13.63859649122799
723,"('GAPD', 'PGM', 'ENO', 'ACONTa', 'CS', 'FUM')",13.63859649122799
724,"('GAPD', 'PGM', 'ENO', 'ACONTa', 'CS', 'MDH')",13.63859649122799
725,"('GAPD', 'PGM', 'ENO', 'ACONTa', 'FUM', 'MDH')",13.63859649122799
726,"('GAPD', 'PGM', 'ENO', 'CS', 'FUM', 'MDH')",13.63859649122799
727,"('GAPD', 'PGM', 'TPI', 'ACONTb', 'ACONTa', 'CS')",1.2649350649350581
728,"('GAPD', 'PGM', 'TPI', 'ACONTb', 'ACONTa', 'FUM')",1.2649350649350581
729,"('GAPD', 'PGM', 'TPI', 'ACONTb', 'ACONTa', 'MDH')",1.2649350649350581
730,"('GAPD', 'PGM', 'TPI', 'ACONTb', 'CS', 'FUM')",1.2649350649350581
731,"('GAPD', 'PGM', 'TPI', 'ACONTb', 'CS', 'MDH')",1.2649350649350581
732,"('GAPD', 'PGM', 'TPI', 'ACONTb', 'FUM', 'MDH')",1.2649350649350581
733,"('GAPD', 'PGM', 'TPI', 'ACONTa', 'CS', 'FUM')",1.2649350649350581
734,"('GAPD', 'PGM', 'TPI', 'ACONTa', 'CS', 'MDH')",1.2649350649350581
735,"('GAPD', 'PGM', 'TPI', 'ACONTa', 'FUM', 'MDH')",1.2649350649350581
736,"('GAPD', 'PGM', 'TPI', 'CS', 'FUM', 'MDH')",1.2649350649350581
737,"('GAPD', 'PGM', 'ACONTb', 'ACONTa', 'CS', 'FUM')",13.63859649122805
738,"('GAPD', 'PGM', 'ACONTb', 'ACONTa', 'CS', 'MDH')",13.63859649122805
739,"('GAPD', 'PGM', 'ACONTb', 'ACONTa', 'FUM', 'MDH')",13.63859649122805
740,"('GAPD', 'PGM', 'ACONTb', 'CS', 'FUM', 'MDH')",13.63859649122805
741,"('GAPD', 'PGM', 'ACONTa', 'CS', 'FUM', 'MDH')",13.63859649122805
742,"('GAPD', 'ENO', 'TPI', 'ACONTb', 'ACONTa', 'CS')",1.26493506493506
743,"('GAPD', 'ENO', 'TPI', 'ACONTb', 'ACONTa', 'FUM')",1.26493506493506
744,"('GAPD', 'ENO', 'TPI', 'ACONTb', 'ACONTa', 'MDH')",1.26493506493506
745,"('GAPD', 'ENO', 'TPI', 'ACONTb', 'CS', 'FUM')",1.26493506493506
746,"('GAPD', 'ENO', 'TPI', 'ACONTb', 'CS', 'MDH')",1.26493506493506
747,"('GAPD', 'ENO', 'TPI', 'ACONTb', 'FUM', 'MDH')",1.26493506493506
748,"('GAPD', 'ENO', 'TPI', 'ACONTa', 'CS', 'FUM')",1.2649350649350612
749,"('GAPD', 'ENO', 'TPI', 'ACONTa', 'CS', 'MDH')",1.2649350649350612
750,"('GAPD', 'ENO', 'TPI', 'ACONTa', 'FUM', 'MDH')",1.2649350649350612
751,"('GAPD', 'ENO', 'TPI', 'CS', 'FUM', 'MDH')",1.2649350649350612
752,"('GAPD', 'ENO', 'ACONTb', 'ACONTa', 'CS', 'FUM')",13.638596491228054
753,"('GAPD', 'ENO', 'ACONTb', 'ACONTa', 'CS', 'MDH')",13.638596491228054
754,"('GAPD', 'ENO', 'ACONTb', 'ACONTa', 'FUM', 'MDH')",13.638596491228054
755,"('GAPD', 'ENO', 'ACONTb', 'CS', 'FUM', 'MDH')",13.638596491228054
756,"('GAPD', 'ENO', 'ACONTa', 'CS', 'FUM', 'MDH')",13.638596491228054
757,"('GAPD', 'TPI', 'ACONTb', 'ACONTa', 'CS', 'FUM')",1.2649350649350624
758,"('GAPD', 'TPI', 'ACONTb', 'ACONTa', 'CS', 'MDH')",1.2649350649350624
759,"('GAPD', 'TPI', 'ACONTb', 'ACONTa', 'FUM', 'MDH')",1.2649350649350624
760,"('GAPD', 'TPI', 'ACONTb', 'CS', 'FUM', 'MDH')",1.2649350649350624
761,"('GAPD', 'TPI', 'ACONTa', 'CS', 'FUM', 'MDH')",1.2649350649350624
762,"('GAPD', 'ACONTb', 'ACONTa', 'CS', 'FUM', 'MDH')",13.638596491228064
763,"('PGK', 'PGM', 'ENO', 'TPI', 'ACONTb', 'ACONTa')",1.2649350649350701
764,"('PGK', 'PGM', 'ENO', 'TPI', 'ACONTb', 'CS')",1.2649350649350701
765,"('PGK', 'PGM', 'ENO', 'TPI', 'ACONTb', 'FUM')",1.2649350649350701
766,"('PGK', 'PGM', 'ENO', 'TPI', 'ACONTb', 'MDH')",1.2649350649350701
767,"('PGK', 'PGM', 'ENO', 'TPI', 'ACONTa', 'CS')",1.2649350649350701
768,"('PGK', 'PGM', 'ENO', 'TPI', 'ACONTa', 'FUM')",1.2649350649350701
769,"('PGK', 'PGM', 'ENO', 'TPI', 'ACONTa', 'MDH')",1.2649350649350701
770,"('PGK', 'PGM', 'ENO', 'TPI', 'CS', 'FUM')",1.2649350649350697
771,"('PGK', 'PGM', 'ENO', 'TPI', 'CS', 'MDH')",1.2649350649350697
772,"('PGK', 'PGM', 'ENO', 'TPI', 'FUM', 'MDH')",1.2649350649350697
773,"('PGK', 'PGM', 'ENO', 'ACONTb', 'ACONTa', 'CS')",13.638596491228087
774,"('PGK', 'PGM', 'ENO', 'ACONTb', 'ACONTa', 'FUM')",13.638596491228093
775,"('PGK', 'PGM', 'ENO', 'ACONTb', 'ACONTa', 'MDH')",13.638596491228093
776,"('PGK', 'PGM', 'ENO', 'ACONTb', 'CS', 'FUM')",13.638596491228093
777,"('PGK', 'PGM', 'ENO', 'ACONTb', 'CS', 'MDH')",13.638596491228093
778,"('PGK', 'PGM', 'ENO', 'ACONTb', 'FUM', 'MDH')",13.638596491228093
779,"('PGK', 'PGM', 'ENO', 'ACONTa', 'CS', 'FUM')",13.638596491228093
780,"('PGK', 'PGM', 'ENO', 'ACONTa', 'CS', 'MDH')",13.638596491228093
781,"('PGK', 'PGM', 'ENO', 'ACONTa', 'FUM', 'MDH')",13.638596491228082
782,"('PGK', 'PGM', 'ENO', 'CS', 'FUM', 'MDH')",13.638596491228082
783,"('PGK', 'PGM', 'TPI', 'ACONTb', 'ACONTa', 'CS')",1.2649350649350668
784,"('PGK', 'PGM', 'TPI', 'ACONTb', 'ACONTa', 'FUM')",1.2649350649350668
785,"('PGK', 'PGM', 'TPI', 'ACONTb', 'ACONTa', 'MDH')",1.2649350649350668
786,"('PGK', 'PGM', 'TPI', 'ACONTb', 'CS', 'FUM')",1.2649350649350668
787,"('PGK', 'PGM', 'TPI', 'ACONTb', 'CS', 'MDH')",1.2649350649350668
788,"('PGK', 'PGM', 'TPI', 'ACONTb', 'FUM', 'MDH')",1.2649350649350668
789,"('PGK', 'PGM', 'TPI', 'ACONTa', 'CS', 'FUM')",1.2649350649350668
790,"('PGK', 'PGM', 'TPI', 'ACONTa', 'CS', 'MDH')",1.2649350649350668
791,"('PGK', 'PGM', 'TPI', 'ACONTa', 'FUM', 'MDH')",1.2649350649350668
792,"('PGK', 'PGM', 'TPI', 'CS', 'FUM', 'MDH')",1.2649350649350668
793,"('PGK', 'PGM', 'ACONTb', 'ACONTa', 'CS', 'FUM')",13.63859649122808
794,"('PGK', 'PGM', 'ACONTb', 'ACONTa', 'CS', 'MDH')",13.63859649122808
795,"('PGK', 'PGM', 'ACONTb', 'ACONTa', 'FUM', 'MDH')",13.63859649122808
796,"('PGK', 'PGM', 'ACONTb', 'CS', 'FUM', 'MDH')",13.63859649122808
797,"('PGK', 'PGM', 'ACONTa', 'CS', 'FUM', 'MDH')",13.638596491228082
798,"('PGK', 'ENO', 'TPI', 'ACONTb', 'ACONTa', 'CS')",1.2649350649350661
799,"('PGK', 'ENO', 'TPI', 'ACONTb', 'ACONTa', 'FUM')",1.2649350649350661
800,"('PGK', 'ENO', 'TPI', 'ACONTb', 'ACONTa', 'MDH')",1.2649350649350661
801,"('PGK', 'ENO', 'TPI', 'ACONTb', 'CS', 'FUM')",1.2649350649350657
802,"('PGK', 'ENO', 'TPI', 'ACONTb', 'CS', 'MDH')",1.2649350649350657
803,"('PGK', 'ENO', 'TPI', 'ACONTb', 'FUM', 'MDH')",1.2649350649350657
804,"('PGK', 'ENO', 'TPI', 'ACONTa', 'CS', 'FUM')",1.2649350649350652
805,"('PGK', 'ENO', 'TPI', 'ACONTa', 'CS', 'MDH')",1.2649350649350652
806,"('PGK', 'ENO', 'TPI', 'ACONTa', 'FUM', 'MDH')",1.2649350649350652
807,"('PGK', 'ENO', 'TPI', 'CS', 'FUM', 'MDH')",1.2649350649350652
808,"('PGK', 'ENO', 'ACONTb', 'ACONTa', 'CS', 'FUM')",13.63859649122811
809,"('PGK', 'ENO', 'ACONTb', 'ACONTa', 'CS', 'MDH')",13.63859649122811
810,"('PGK', 'ENO', 'ACONTb', 'ACONTa', 'FUM', 'MDH')",13.63859649122811
811,"('PGK', 'ENO', 'ACONTb', 'CS', 'FUM', 'MDH')",13.63859649122811
812,"('PGK', 'ENO', 'ACONTa', 'CS', 'FUM', 'MDH')",13.63859649122811
813,"('PGK', 'TPI', 'ACONTb', 'ACONTa', 'CS', 'FUM')",1.264935064935074
814,"('PGK', 'TPI', 'ACONTb', 'ACONTa', 'CS', 'MDH')",1.264935064935074
815,"('PGK', 'TPI', 'ACONTb', 'ACONTa', 'FUM', 'MDH')",1.264935064935074
816,"('PGK', 'TPI', 'ACONTb', 'CS', 'FUM', 'MDH')",1.2649350649350726
817,"('PGK', 'TPI', 'ACONTa', 'CS', 'FUM', 'MDH')",1.2649350649350726
818,"('PGK', 'ACONTb', 'ACONTa', 'CS', 'FUM', 'MDH')",13.63859649122808
819,"('PGM', 'ENO', 'TPI', 'ACONTb', 'ACONTa', 'CS')",14.340350877192984
820,"('PGM', 'ENO', 'TPI', 'ACONTb', 'ACONTa', 'FUM')",14.340350877192984
821,"('PGM', 'ENO', 'TPI', 'ACONTb', 'ACONTa', 'MDH')",14.340350877192984
822,"('PGM', 'ENO', 'TPI', 'ACONTb', 'CS', 'FUM')",14.340350877192984
823,"('PGM', 'ENO', 'TPI', 'ACONTb', 'CS', 'MDH')",14.340350877192984
824,"('PGM', 'ENO', 'TPI', 'ACONTb', 'FUM', 'MDH')",14.340350877192984
825,"('PGM', 'ENO', 'TPI', 'ACONTa', 'CS', 'FUM')",14.340350877192984
826,"('PGM', 'ENO', 'TPI', 'ACONTa', 'CS', 'MDH')",14.340350877192984
827,"('PGM', 'ENO', 'TPI', 'ACONTa', 'FUM', 'MDH')",14.340350877192984
828,"('PGM', 'ENO', 'TPI', 'CS', 'FUM', 'MDH')",14.340350877192984
829,"('PGM', 'ENO', 'ACONTb', 'ACONTa', 'CS', 'FUM')",14.340350877192984
830,"('PGM', 'ENO', 'ACONTb', 'ACONTa', 'CS', 'MDH')",14.340350877192984
831,"('PGM', 'ENO', 'ACONTb', 'ACONTa', 'FUM', 'MDH')",14.340350877192984
832,"('PGM', 'ENO', 'ACONTb', 'CS', 'FUM', 'MDH')",14.340350877192984
833,"('PGM', 'ENO', 'ACONTa', 'CS', 'FUM', 'MDH')",14.340350877192984
834,"('PGM', 'TPI', 'ACONTb', 'ACONTa', 'CS', 'FUM')",14.340350877192984
835,"('PGM', 'TPI', 'ACONTb', 'ACONTa', 'CS', 'MDH')",14.340350877192984
836,"('PGM', 'TPI', 'ACONTb', 'ACONTa', 'FUM', 'MDH')",14.340350877192984
837,"('PGM', 'TPI', 'ACONTb', 'CS', 'FUM', 'MDH')",14.340350877192984
838,"('PGM', 'TPI', 'ACONTa', 'CS', 'FUM', 'MDH')",14.340350877192984
839,"('PGM', 'ACONTb', 'ACONTa', 'CS', 'FUM', 'MDH')",14.340350877192984
840,"('ENO', 'TPI', 'ACONTb', 'ACONTa', 'CS', 'FUM')",14.340350877192984
841,"('ENO', 'TPI', 'ACONTb', 'ACONTa', 'CS', 'MDH')",14.340350877192984
842,"('ENO', 'TPI', 'ACONTb', 'ACONTa', 'FUM', 'MDH')",14.340350877192984
843,"('ENO', 'TPI', 'ACONTb', 'CS', 'FUM', 'MDH')",14.340350877192984
844,"('ENO', 'TPI', 'ACONTa', 'CS', 'FUM', 'MDH')",14.340350877192984
845,"('ENO', 'ACONTb', 'ACONTa', 'CS', 'FUM', 'MDH')",14.340350877192984
846,"('TPI', 'ACONTb', 'ACONTa', 'CS', 'FUM', 'MDH')",15.743859649122816
847,"('GAPD', 'PGK', 'PGM', 'ENO', 'TPI', 'ACONTb', 'ACONTa')",1.264935064935064
848,"('GAPD', 'PGK', 'PGM', 'ENO', 'TPI', 'ACONTb', 'CS')",1.264935064935064
849,"('GAPD', 'PGK', 'PGM', 'ENO', 'TPI', 'ACONTb', 'FUM')",1.264935064935064
850,"('GAPD', 'PGK', 'PGM', 'ENO', 'TPI', 'ACONTb', 'MDH')",1.264935064935064
851,"('GAPD', 'PGK', 'PGM', 'ENO', 'TPI', 'ACONTa', 'CS')",1.264935064935064
852,"('GAPD', 'PGK', 'PGM', 'ENO', 'TPI', 'ACONTa', 'FUM')",1.264935064935064
853,"('GAPD', 'PGK', 'PGM', 'ENO', 'TPI', 'ACONTa', 'MDH')",1.264935064935064
854,"('GAPD', 'PGK', 'PGM', 'ENO', 'TPI', 'CS', 'FUM')",1.264935064935064
855,"('GAPD', 'PGK', 'PGM', 'ENO', 'TPI', 'CS', 'MDH')",1.264935064935064
856,"('GAPD', 'PGK', 'PGM', 'ENO', 'TPI', 'FUM', 'MDH')",1.264935064935064
857,"('GAPD', 'PGK', 'PGM', 'ENO', 'ACONTb', 'ACONTa', 'CS')",13.638596491228084
858,"('GAPD', 'PGK', 'PGM', 'ENO', 'ACONTb', 'ACONTa', 'FUM')",13.638596491228084
859,"('GAPD', 'PGK', 'PGM', 'ENO', 'ACONTb', 'ACONTa', 'MDH')",13.638596491228084
860,"('GAPD', 'PGK', 'PGM', 'ENO', 'ACONTb', 'CS', 'FUM')",13.638596491228084
861,"('GAPD', 'PGK', 'PGM', 'ENO', 'ACONTb', 'CS', 'MDH')",13.638596491228084
862,"('GAPD', 'PGK', 'PGM', 'ENO', 'ACONTb', 'FUM', 'MDH')",13.638596491228084
863,"('GAPD', 'PGK', 'PGM', 'ENO', 'ACONTa', 'CS', 'FUM')",13.638596491228084
864,"('GAPD', 'PGK', 'PGM', 'ENO', 'ACONTa', 'CS', 'MDH')",13.638596491228084
865,"('GAPD', 'PGK', 'PGM', 'ENO', 'ACONTa', 'FUM', 'MDH')",13.638596491228084
866,"('GAPD', 'PGK', 'PGM', 'ENO', 'CS', 'FUM', 'MDH')",13.638596491228084
867,"('GAPD', 'PGK', 'PGM', 'TPI', 'ACONTb', 'ACONTa', 'CS')",1.2649350649350664
868,"('GAPD', 'PGK', 'PGM', 'TPI', 'ACONTb', 'ACONTa', 'FUM')",1.2649350649350664
869,"('GAPD', 'PGK', 'PGM', 'TPI', 'ACONTb', 'ACONTa', 'MDH')",1.2649350649350664
870,"('GAPD', 'PGK', 'PGM', 'TPI', 'ACONTb', 'CS', 'FUM')",1.2649350649350664
871,"('GAPD', 'PGK', 'PGM', 'TPI', 'ACONTb', 'CS', 'MDH')",1.2649350649350664
872,"('GAPD', 'PGK', 'PGM', 'TPI', 'ACONTb', 'FUM', 'MDH')",1.2649350649350664
873,"('GAPD', 'PGK', 'PGM', 'TPI', 'ACONTa', 'CS', 'FUM')",1.2649350649350664
874,"('GAPD', 'PGK', 'PGM', 'TPI', 'ACONTa', 'CS', 'MDH')",1.2649350649350664
875,"('GAPD', 'PGK', 'PGM', 'TPI', 'ACONTa', 'FUM', 'MDH')",1.2649350649350664
876,"('GAPD', 'PGK', 'PGM', 'TPI', 'CS', 'FUM', 'MDH')",1.2649350649350664
877,"('GAPD', 'PGK', 'PGM', 'ACONTb', 'ACONTa', 'CS', 'FUM')",13.638596491228148
878,"('GAPD', 'PGK', 'PGM', 'ACONTb', 'ACONTa', 'CS', 'MDH')",13.638596491228148
879,"('GAPD', 'PGK', 'PGM', 'ACONTb', 'ACONTa', 'FUM', 'MDH')",13.638596491228142
880,"('GAPD', 'PGK', 'PGM', 'ACONTb', 'CS', 'FUM', 'MDH')",13.638596491228142
881,"('GAPD', 'PGK', 'PGM', 'ACONTa', 'CS', 'FUM', 'MDH')",13.638596491228142
882,"('GAPD', 'PGK', 'ENO', 'TPI', 'ACONTb', 'ACONTa', 'CS')",1.2649350649350737
883,"('GAPD', 'PGK', 'ENO', 'TPI', 'ACONTb', 'ACONTa', 'FUM')",1.2649350649350737
884,"('GAPD', 'PGK', 'ENO', 'TPI', 'ACONTb', 'ACONTa', 'MDH')",1.2649350649350737
885,"('GAPD', 'PGK', 'ENO', 'TPI', 'ACONTb', 'CS', 'FUM')",1.2649350649350761
886,"('GAPD', 'PGK', 'ENO', 'TPI', 'ACONTb', 'CS', 'MDH')",1.2649350649350761
887,"('GAPD', 'PGK', 'ENO', 'TPI', 'ACONTb', 'FUM', 'MDH')",1.2649350649350761
888,"('GAPD', 'PGK', 'ENO', 'TPI', 'ACONTa', 'CS', 'FUM')",1.2649350649350761
889,"('GAPD', 'PGK', 'ENO', 'TPI', 'ACONTa', 'CS', 'MDH')",1.2649350649350761
890,"('GAPD', 'PGK', 'ENO', 'TPI', 'ACONTa', 'FUM', 'MDH')",1.2649350649350761
891,"('GAPD', 'PGK', 'ENO', 'TPI', 'CS', 'FUM', 'MDH')",1.2649350649350761
892,"('GAPD', 'PGK', 'ENO', 'ACONTb', 'ACONTa', 'CS', 'FUM')",13.638596491228085
893,"('GAPD', 'PGK', 'ENO', 'ACONTb', 'ACONTa', 'CS', 'MDH')",13.638596491228085
894,"('GAPD', 'PGK', 'ENO', 'ACONTb', 'ACONTa', 'FUM', 'MDH')",13.638596491228085
895,"('GAPD', 'PGK', 'ENO', 'ACONTb', 'CS', 'FUM', 'MDH')",13.638596491228085
896,"('GAPD', 'PGK', 'ENO', 'ACONTa', 'CS', 'FUM', 'MDH')",13.638596491228085
897,"('GAPD', 'PGK', 'TPI', 'ACONTb', 'ACONTa', 'CS', 'FUM')",1.2649350649350657
898,"('GAPD', 'PGK', 'TPI', 'ACONTb', 'ACONTa', 'CS', 'MDH')",1.2649350649350657
899,"('GAPD', 'PGK', 'TPI', 'ACONTb', 'ACONTa', 'FUM', 'MDH')",1.2649350649350657
900,"('GAPD', 'PGK', 'TPI', 'ACONTb', 'CS', 'FUM', 'MDH')",1.2649350649350657
901,"('GAPD', 'PGK', 'TPI', 'ACONTa', 'CS', 'FUM', 'MDH')",1.2649350649350657
902,"('GAPD', 'PGK', 'ACONTb', 'ACONTa', 'CS', 'FUM', 'MDH')",13.638596491228062
903,"('GAPD', 'PGM', 'ENO', 'TPI', 'ACONTb', 'ACONTa', 'CS')",1.2649350649350737
904,"('GAPD', 'PGM', 'ENO', 'TPI', 'ACONTb', 'ACONTa', 'FUM')",1.2649350649350737
905,"('GAPD', 'PGM', 'ENO', 'TPI', 'ACONTb', 'ACONTa', 'MDH')",1.2649350649350737
906,"('GAPD', 'PGM', 'ENO', 'TPI', 'ACONTb', 'CS', 'FUM')",1.2649350649350737
907,"('GAPD', 'PGM', 'ENO', 'TPI', 'ACONTb', 'CS', 'MDH')",1.2649350649350737
908,"('GAPD', 'PGM', 'ENO', 'TPI', 'ACONTb', 'FUM', 'MDH')",1.2649350649350737
909,"('GAPD', 'PGM', 'ENO', 'TPI', 'ACONTa', 'CS', 'FUM')",1.2649350649350737
910,"('GAPD', 'PGM', 'ENO', 'TPI', 'ACONTa', 'CS', 'MDH')",1.2649350649350737
911,"('GAPD', 'PGM', 'ENO', 'TPI', 'ACONTa', 'FUM', 'MDH')",1.2649350649350737
912,"('GAPD', 'PGM', 'ENO', 'TPI', 'CS', 'FUM', 'MDH')",1.2649350649350737
913,"('GAPD', 'PGM', 'ENO', 'ACONTb', 'ACONTa', 'CS', 'FUM')",13.638596491228041
914,"('GAPD', 'PGM', 'ENO', 'ACONTb', 'ACONTa', 'CS', 'MDH')",13.638596491228041
915,"('GAPD', 'PGM', 'ENO', 'ACONTb', 'ACONTa', 'FUM', 'MDH')",13.638596491228041
916,"('GAPD', 'PGM', 'ENO', 'ACONTb', 'CS', 'FUM', 'MDH')",13.638596491228041
917,"('GAPD', 'PGM', 'ENO', 'ACONTa', 'CS', 'FUM', 'MDH')",13.638596491228057
918,"('GAPD', 'PGM', 'TPI', 'ACONTb', 'ACONTa', 'CS', 'FUM')",1.2649350649350644
919,"('GAPD', 'PGM', 'TPI', 'ACONTb', 'ACONTa', 'CS', 'MDH')",1.2649350649350644
920,"('GAPD', 'PGM', 'TPI', 'ACONTb', 'ACONTa', 'FUM', 'MDH')",1.2649350649350644
921,"('GAPD', 'PGM', 'TPI', 'ACONTb', 'CS', 'FUM', 'MDH')",1.2649350649350644
922,"('GAPD', 'PGM', 'TPI', 'ACONTa', 'CS', 'FUM', 'MDH')",1.2649350649350644
923,"('GAPD', 'PGM', 'ACONTb', 'ACONTa', 'CS', 'FUM', 'MDH')",13.638596491228029
924,"('GAPD', 'ENO', 'TPI', 'ACONTb', 'ACONTa', 'CS', 'FUM')",1.264935064935077
925,"('GAPD', 'ENO', 'TPI', 'ACONTb', 'ACONTa', 'CS', 'MDH')",1.264935064935077
926,"('GAPD', 'ENO', 'TPI', 'ACONTb', 'ACONTa', 'FUM', 'MDH')",1.264935064935077
927,"('GAPD', 'ENO', 'TPI', 'ACONTb', 'CS', 'FUM', 'MDH')",1.2649350649350775
928,"('GAPD', 'ENO', 'TPI', 'ACONTa', 'CS', 'FUM', 'MDH')",1.2649350649350775
929,"('GAPD', 'ENO', 'ACONTb', 'ACONTa', 'CS', 'FUM', 'MDH')",13.638596491228073
930,"('GAPD', 'TPI', 'ACONTb', 'ACONTa', 'CS', 'FUM', 'MDH')",1.264935064935059
931,"('PGK', 'PGM', 'ENO', 'TPI', 'ACONTb', 'ACONTa', 'CS')",1.264935064935059
932,"('PGK', 'PGM', 'ENO', 'TPI', 'ACONTb', 'ACONTa', 'FUM')",1.264935064935059
933,"('PGK', 'PGM', 'ENO', 'TPI', 'ACONTb', 'ACONTa', 'MDH')",1.264935064935059
934,"('PGK', 'PGM', 'ENO', 'TPI', 'ACONTb', 'CS', 'FUM')",1.264935064935059
935,"('PGK', 'PGM', 'ENO', 'TPI', 'ACONTb', 'CS', 'MDH')",1.264935064935059
936,"('PGK', 'PGM', 'ENO', 'TPI', 'ACONTb', 'FUM', 'MDH')",1.264935064935059
937,"('PGK', 'PGM', 'ENO', 'TPI', 'ACONTa', 'CS', 'FUM')",1.264935064935059
938,"('PGK', 'PGM', 'ENO', 'TPI', 'ACONTa', 'CS', 'MDH')",1.264935064935059
939,"('PGK', 'PGM', 'ENO', 'TPI', 'ACONTa', 'FUM', 'MDH')",1.264935064935059
940,"('PGK', 'PGM', 'ENO', 'TPI', 'CS', 'FUM', 'MDH')",1.264935064935059
941,"('PGK', 'PGM', 'ENO', 'ACONTb', 'ACONTa', 'CS', 'FUM')",13.638596491228094
942,"('PGK', 'PGM', 'ENO', 'ACONTb', 'ACONTa', 'CS', 'MDH')",13.638596491228094
943,"('PGK', 'PGM', 'ENO', 'ACONTb', 'ACONTa', 'FUM', 'MDH')",13.638596491228094
944,"('PGK', 'PGM', 'ENO', 'ACONTb', 'CS', 'FUM', 'MDH')",13.638596491228094
945,"('PGK', 'PGM', 'ENO', 'ACONTa', 'CS', 'FUM', 'MDH')",13.638596491228094
946,"('PGK', 'PGM', 'TPI', 'ACONTb', 'ACONTa', 'CS', 'FUM')",1.2649350649350664
947,"('PGK', 'PGM', 'TPI', 'ACONTb', 'ACONTa', 'CS', 'MDH')",1.2649350649350664
948,"('PGK', 'PGM', 'TPI', 'ACONTb', 'ACONTa', 'FUM', 'MDH')",1.2649350649350664
949,"('PGK', 'PGM', 'TPI', 'ACONTb', 'CS', 'FUM', 'MDH')",1.264935064935065
950,"('PGK', 'PGM', 'TPI', 'ACONTa', 'CS', 'FUM', 'MDH')",1.264935064935065
951,"('PGK', 'PGM', 'ACONTb', 'ACONTa', 'CS', 'FUM', 'MDH')",13.638596491228066
952,"('PGK', 'ENO', 'TPI', 'ACONTb', 'ACONTa', 'CS', 'FUM')",1.264935064935064
953,"('PGK', 'ENO', 'TPI', 'ACONTb', 'ACONTa', 'CS', 'MDH')",1.264935064935064
954,"('PGK', 'ENO', 'TPI', 'ACONTb', 'ACONTa', 'FUM', 'MDH')",1.264935064935064
955,"('PGK', 'ENO', 'TPI', 'ACONTb', 'CS', 'FUM', 'MDH')",1.264935064935064
956,"('PGK', 'ENO', 'TPI', 'ACONTa', 'CS', 'FUM', 'MDH')",1.264935064935064
957,"('PGK', 'ENO', 'ACONTb', 'ACONTa', 'CS', 'FUM', 'MDH')",13.638596491228082
958,"('PGK', 'TPI', 'ACONTb', 'ACONTa', 'CS', 'FUM', 'MDH')",1.2649350649350617
959,"('PGM', 'ENO', 'TPI', 'ACONTb', 'ACONTa', 'CS', 'FUM')",14.340350877192988
960,"('PGM', 'ENO', 'TPI', 'ACONTb', 'ACONTa', 'CS', 'MDH')",14.340350877192988
961,"('PGM', 'ENO', 'TPI', 'ACONTb', 'ACONTa', 'FUM', 'MDH')",14.340350877192988
962,"('PGM', 'ENO', 'TPI', 'ACONTb', 'CS', 'FUM', 'MDH')",14.340350877192988
963,"('PGM', 'ENO', 'TPI', 'ACONTa', 'CS', 'FUM', 'MDH')",14.340350877192988
964,"('PGM', 'ENO', 'ACONTb', 'ACONTa', 'CS', 'FUM', 'MDH')",14.340350877192988
965,"('PGM', 'TPI', 'ACONTb', 'ACONTa', 'CS', 'FUM', 'MDH')",14.340350877192988
966,"('ENO', 'TPI', 'ACONTb', 'ACONTa', 'CS', 'FUM', 'MDH')",14.340350877192988
967,"('GAPD', 'PGK', 'PGM', 'ENO', 'TPI', 'ACONTb', 'ACONTa', 'CS')",1.2649350649350664
968,"('GAPD', 'PGK', 'PGM', 'ENO', 'TPI', 'ACONTb', 'ACONTa', 'FUM')",1.2649350649350664
969,"('GAPD', 'PGK', 'PGM', 'ENO', 'TPI', 'ACONTb', 'ACONTa', 'MDH')",1.2649350649350664
970,"('GAPD', 'PGK', 'PGM', 'ENO', 'TPI', 'ACONTb', 'CS', 'FUM')",1.2649350649350664
971,"('GAPD', 'PGK', 'PGM', 'ENO', 'TPI', 'ACONTb', 'CS', 'MDH')",1.2649350649350664
972,"('GAPD', 'PGK', 'PGM', 'ENO', 'TPI', 'ACONTb', 'FUM', 'MDH')",1.2649350649350664
973,"('GAPD', 'PGK', 'PGM', 'ENO', 'TPI', 'ACONTa', 'CS', 'FUM')",1.2649350649350668
974,"('GAPD', 'PGK', 'PGM', 'ENO', 'TPI', 'ACONTa', 'CS', 'MDH')",1.2649350649350668
975,"('GAPD', 'PGK', 'PGM', 'ENO', 'TPI', 'ACONTa', 'FUM', 'MDH')",1.2649350649350668
976,"('GAPD', 'PGK', 'PGM', 'ENO', 'TPI', 'CS', 'FUM', 'MDH')",1.2649350649350668
977,"('GAPD', 'PGK', 'PGM', 'ENO', 'ACONTb', 'ACONTa', 'CS', 'FUM')",13.638596491228075
978,"('GAPD', 'PGK', 'PGM', 'ENO', 'ACONTb', 'ACONTa', 'CS', 'MDH')",13.638596491228062
979,"('GAPD', 'PGK', 'PGM', 'ENO', 'ACONTb', 'ACONTa', 'FUM', 'MDH')",13.638596491228062
980,"('GAPD', 'PGK', 'PGM', 'ENO', 'ACONTb', 'CS', 'FUM', 'MDH')",13.638596491228062
981,"('GAPD', 'PGK', 'PGM', 'ENO', 'ACONTa', 'CS', 'FUM', 'MDH')",13.63859649122807
982,"('GAPD', 'PGK', 'PGM', 'TPI', 'ACONTb', 'ACONTa', 'CS', 'FUM')",1.2649350649350668
983,"('GAPD', 'PGK', 'PGM', 'TPI', 'ACONTb', 'ACONTa', 'CS', 'MDH')",1.2649350649350668
984,"('GAPD', 'PGK', 'PGM', 'TPI', 'ACONTb', 'ACONTa', 'FUM', 'MDH')",1.2649350649350668
985,"('GAPD', 'PGK', 'PGM', 'TPI', 'ACONTb', 'CS', 'FUM', 'MDH')",1.2649350649350668
986,"('GAPD', 'PGK', 'PGM', 'TPI', 'ACONTa', 'CS', 'FUM', 'MDH')",1.2649350649350668
987,"('GAPD', 'PGK', 'PGM', 'ACONTb', 'ACONTa', 'CS', 'FUM', 'MDH')",13.638596491228073
988,"('GAPD', 'PGK', 'ENO', 'TPI', 'ACONTb', 'ACONTa', 'CS', 'FUM')",1.2649350649350688
989,"('GAPD', 'PGK', 'ENO', 'TPI', 'ACONTb', 'ACONTa', 'CS', 'MDH')",1.2649350649350688
990,"('GAPD', 'PGK', 'ENO', 'TPI', 'ACONTb', 'ACONTa', 'FUM', 'MDH')",1.2649350649350688
991,"('GAPD', 'PGK', 'ENO', 'TPI', 'ACONTb', 'CS', 'FUM', 'MDH')",1.2649350649350612
992,"('GAPD', 'PGK', 'ENO', 'TPI', 'ACONTa', 'CS', 'FUM', 'MDH')",1.2649350649350612
993,"('GAPD', 'PGK', 'ENO', 'ACONTb', 'ACONTa', 'CS', 'FUM', 'MDH')",13.638596491228062
994,"('GAPD', 'PGK', 'TPI', 'ACONTb', 'ACONTa', 'CS', 'FUM', 'MDH')",1.2649350649350757
995,"('GAPD', 'PGM', 'ENO', 'TPI', 'ACONTb', 'ACONTa', 'CS', 'FUM')",1.2649350649350757
996,"('GAPD', 'PGM', 'ENO', 'TPI', 'ACONTb', 'ACONTa', 'CS', 'MDH')",1.2649350649350757
997,"('GAPD', 'PGM', 'ENO', 'TPI', 'ACONTb', 'ACONTa', 'FUM', 'MDH')",1.2649350649350757
998,"('GAPD', 'PGM', 'ENO', 'TPI', 'ACONTb', 'CS', 'FUM', 'MDH')",1.2649350649350757
999,"('GAPD', 'PGM', 'ENO', 'TPI', 'ACONTa', 'CS', 'FUM', 'MDH')",1.2649350649350757
1000,"('GAPD', 'PGM', 'ENO', 'ACONTb', 'ACONTa', 'CS', 'FUM', 'MDH')",13.638596491228062
1001,"('GAPD', 'PGM', 'TPI', 'ACONTb', 'ACONTa', 'CS', 'FUM', 'MDH')",1.2649350649350684
1002,"('GAPD', 'ENO', 'TPI', 'ACONTb', 'ACONTa', 'CS', 'FUM', 'MDH')",1.2649350649350684
1003,"('PGK', 'PGM', 'ENO', 'TPI', 'ACONTb', 'ACONTa', 'CS', 'FUM')",1.2649350649350684
1004,"('PGK', 'PGM', 'ENO', 'TPI', 'ACONTb', 'ACONTa', 'CS', 'MDH')",1.2649350649350684
1005,"('PGK', 'PGM', 'ENO', 'TPI', 'ACONTb', 'ACONTa', 'FUM', 'MDH')",1.2649350649350684
1006,"('PGK', 'PGM', 'ENO', 'TPI', 'ACONTb', 'CS', 'FUM', 'MDH')",1.2649350649350684
1007,"('PGK', 'PGM', 'ENO', 'TPI', 'ACONTa', 'CS', 'FUM', 'MDH')",1.2649350649350684
1008,"('PGK', 'PGM', 'ENO', 'ACONTb', 'ACONTa', 'CS', 'FUM', 'MDH')",13.638596491228201
1009,"('PGK', 'PGM', 'TPI', 'ACONTb', 'ACONTa', 'CS', 'FUM', 'MDH')",1.2649350649350697
1010,"('PGK', 'ENO', 'TPI', 'ACONTb', 'ACONTa', 'CS', 'FUM', 'MDH')",1.2649350649350697
1011,"('PGM', 'ENO', 'TPI', 'ACONTb', 'ACONTa', 'CS', 'FUM', 'MDH')",14.340350877192995
1012,"('GAPD', 'PGK', 'PGM', 'ENO', 'TPI', 'ACONTb', 'ACONTa', 'CS', 'FUM')",1.2649350649350768
1013,"('GAPD', 'PGK', 'PGM', 'ENO', 'TPI', 'ACONTb', 'ACONTa', 'CS', 'MDH')",1.2649350649350768
1014,"('GAPD', 'PGK', 'PGM', 'ENO', 'TPI', 'ACONTb', 'ACONTa', 'FUM', 'MDH')",1.2649350649350768
1015,"('GAPD', 'PGK', 'PGM', 'ENO', 'TPI', 'ACONTb', 'CS', 'FUM', 'MDH')",1.2649350649350768
1016,"('GAPD', 'PGK', 'PGM', 'ENO', 'TPI', 'ACONTa', 'CS', 'FUM', 'MDH')",1.2649350649350768
1017,"('GAPD', 'PGK', 'PGM', 'ENO', 'ACONTb', 'ACONTa', 'CS', 'FUM', 'MDH')",13.638596491228112
1018,"('GAPD', 'PGK', 'PGM', 'TPI', 'ACONTb', 'ACONTa', 'CS', 'FUM', 'MDH')",1.2649350649350621
1019,"('GAPD', 'PGK', 'ENO', 'TPI', 'ACONTb', 'ACONTa', 'CS', 'FUM', 'MDH')",1.2649350649350621
1020,"('GAPD', 'PGM', 'ENO', 'TPI', 'ACONTb', 'ACONTa', 'CS', 'FUM', 'MDH')",1.2649350649350637
1021,"('PGK', 'PGM', 'ENO', 'TPI', 'ACONTb', 'ACONTa', 'CS', 'FUM', 'MDH')",1.2649350649350637
1022,"('GAPD', 'PGK', 'PGM', 'ENO', 'TPI', 'ACONTb', 'ACONTa', 'CS', 'FUM', 'MDH')",1.2649350649350637
